id,name,created_at,advertisers_entities.id,entities.short_name,countries.name,countries.alpha2,advertisers_platforms.advertiser_platform_ref,advertisers_platforms.advertiser_platform_name,platforms.name
d1a15fcc-cebd-4961-a521-e8e0248e95ee,Rīga.lv,2022-08-16T15:23:48.330Z,25a1f0e7-8c0d-4d9a-bb7f-c31658abc472,Sas,Latvia,lv,232235720264707,Rīga.lv,Facebook
31fa97f0-3c1a-4900-8898-f48fbff871da,Nils Ušakovs,2022-08-16T15:23:48.324Z,056964ad-71c7-403b-892a-7216db8b126b,Sas,Latvia,lv,212485185449074,Nils Ušakovs,Facebook
7ead6c63-de83-4864-acdb-bfa66629888e,SDP Saskaņa/СДП Согласие,2022-08-16T15:23:48.341Z,dc5758fb-09bc-4dc7-881b-be786df4ebfe,Sas,Latvia,lv,458756657627773,SDP Saskaņa/СДП Согласие,Facebook
92258aaa-a697-4ef4-bec8-c966938d693a,Jūlija Stepaņenko,2022-08-16T15:23:48.325Z,a417c261-5917-4ffa-8277-f13f8a547305,Sas,Latvia,lv,184436385298436,Jūlija Stepaņenko,Facebook
a6eeb574-8217-4666-b127-87f5ea75e83e,Restart.lv - SDP Saskaņa jaunatnes organizācija,2022-08-16T15:23:48.339Z,c0285eae-584b-4be7-829b-a29bbe696f08,Sas,Latvia,lv,340644969469957,Restart.lv - SDP Saskaņa jaunatnes organizācija,Facebook
d2200ce5-5e48-4c71-852a-a2abc2933062,Rigan Saskaņa Online,2022-08-16T15:23:48.341Z,8914cbe4-c82e-46bb-8866-c720fdd5e5a4,Sas,Latvia,lv,218411648316768,Rigan Saskaņa Online,Facebook
b2d36ab0-454e-490b-bd31-db50f2444619,Young European Socialists,2022-08-16T15:23:48.331Z,e27609d1-e547-4edb-b756-b4810da8e129,Sas,Latvia,lv,595794117124184,Young European Socialists,Facebook
30a64d95-6267-4e5f-91d6-e4adb461d71c,SDP Saskaņa/Jūrmala,2022-08-16T15:23:48.343Z,d5853c62-bb92-4c0c-9a8f-9bd876294ddb,Sas,Latvia,lv,770173259715443,SDP Saskaņa/Jūrmala,Facebook
a4352a23-909e-4e5e-95d4-768edd1a9ea1,Party of European Socialists,2022-08-16T15:23:48.333Z,9e2dfafc-7abb-4ac3-b5e3-a192553cfc3f,Sas,Latvia,lv,148097975226385,Party of European Socialists,Facebook
e4c50782-5cb6-4c26-8200-019a17c02bdc,Ригa.lv,2022-08-16T15:23:48.327Z,ce15fe97-3c48-4559-92e7-0778ba23bc53,Sas,Latvia,lv,1439145026412289,Ригa.lv,Facebook
258daa23-27d9-4ded-acbe-7271aeaed2f0,Saskaņa Ķekava,2022-08-16T15:23:48.751Z,6aa5f164-b193-4958-adf6-935492bb1729,Sas,Latvia,lv,991794634289439,Saskaņa Ķekava,Facebook
09760c34-339e-4351-ba83-1ed9d658c505,Saskaņa Krāslavas novadam,2022-08-16T15:23:48.751Z,7116c216-ea3e-4dcd-a2a1-e75d639b6df2,Sas,Latvia,lv,1456820174377771,Saskaņa Krāslavas novadam,Facebook
0be84687-cde9-4b23-8803-8f3ce30140d8,"SDP ""Saskaņa""/Liepāja",2022-08-16T15:23:48.752Z,59b2ce0a-06a6-4b3c-8709-9ed0793b97eb,Sas,Latvia,lv,409121685937589,"SDP ""Saskaņa""/Liepāja",Facebook
a8e97a6e-2cc3-46f6-aa43-7432969f6840,"SDP ""Saskaņa""/Jelgavas pilsētas un novada teritoriālā organizācija",2022-08-16T15:23:48.751Z,0a532656-b3b1-4fe3-a444-f79697f2c0ba,Sas,Latvia,lv,560252930758773,"SDP ""Saskaņa""/Jelgavas pilsētas un novada teritoriālā organizācija",Facebook
d2bcb15b-5d80-4a30-8b9b-2e66a5f13ccf,SaskanaVentspils,2022-08-16T15:23:48.752Z,4f41e9f8-5634-40a9-b34e-20b747043047,Sas,Latvia,lv,120872834737391,SaskanaVentspils,Facebook
1ca07168-ae34-459c-bef0-dbfdf94c3457,SDP Saskaņa Carnikavai,2022-08-16T15:23:48.754Z,3f2ce268-5129-49a7-a821-6ebb56fcec0c,Sas,Latvia,lv,147558892444842,SDP Saskaņa Carnikavai,Facebook
9eb9fbbd-52df-400d-82e8-7fe6830cf8da,"SDP ""Saskaņa""/Daugavpils novads",2022-08-16T15:23:48.775Z,00d09ed3-e9b7-4a04-be05-dfecdc123071,Sas,Latvia,lv,1673892362889250,"SDP ""Saskaņa""/Daugavpils novads",Facebook
4c05ee24-d8e2-42d2-b55a-c099ac9c8f70,"SDP ""Saskaņa""/Ventspils novads",2022-08-16T15:23:48.753Z,d2004aaa-d263-40d4-bc80-fff9b7ded5fe,Sas,Latvia,lv,663208113720042,"SDP ""Saskaņa""/Ventspils novads",Facebook
ffc627c6-f8a8-48ae-b091-67aa0998c937,Vladislavs Minginovičs - Saskaņa - Jūrmala,2022-08-16T15:23:48.776Z,7fc2978f-ae16-4984-9f70-c06995dba922,Sas,Latvia,lv,228029357688405,Vladislavs Minginovičs - Saskaņa - Jūrmala,Facebook
e73c531d-412e-4cde-8cbc-0ba56afa984b,"SDP ""Saskaņa""/ Saldus novads",2022-08-16T15:23:48.784Z,b2aaff4f-a1a5-45c7-b386-ef374f5563c4,Sas,Latvia,lv,1978903385681839,"SDP ""Saskaņa""/ Saldus novads",Facebook
28ad0cad-b775-4219-9994-8962d0861c74,"SDP ""Saskaņa"" Rīgas reģionā",2022-08-16T15:23:48.879Z,e3622882-eadd-47c8-9b72-2da44459d4cc,Sas,Latvia,lv,998054833680310,"SDP ""Saskaņa"" Rīgas reģionā",Facebook
7cd6c381-9a5a-4fec-ab88-fc01ba4c1c7c,"SDP ""Saskaņa"" Balvi",2022-08-16T15:23:48.886Z,3419bc16-2035-4e9e-bd05-23a443f1ce4f,Sas,Latvia,lv,660812924123009,"SDP ""Saskaņa"" Balvi",Facebook
a3a0ad4e-6903-4767-8aa1-8156327e5a0f,"SDP ""Saskaņa""/Jēkabpils",2022-08-16T15:23:48.887Z,70da6dc7-4bb0-4d31-976a-267ec54d5b2b,Sas,Latvia,lv,585631964927252,"SDP ""Saskaņa""/Jēkabpils",Facebook
61097cd3-8dc7-49b9-af91-17005375a62a,"SDP ""Saskaņa"" / Ozolnieki",2022-08-16T15:23:48.888Z,c043a330-7aa9-4d4a-8665-fd4b0216ebb4,Sas,Latvia,lv,139821886513032,"SDP ""Saskaņa"" / Ozolnieki",Facebook
383b450c-8489-4604-8e8c-8b01e9fe1c76,"СДП ""Согласие""/ Даугавпилс SDP ""Saskaņa""/Daugavpils",2022-08-16T15:23:48.888Z,87580cfc-f7c7-47c6-9232-618bd15d5ccf,Sas,Latvia,lv,424270391105260,"СДП ""Согласие""/ Даугавпилс SDP ""Saskaņa""/Daugavpils",Facebook
04d35798-b436-494f-aa98-fe59ffd4638a,SDP Saskaņa/Jelgavas nodaļa,2022-08-16T15:23:48.888Z,7ba08ef9-ca1c-4833-9238-2d24f1e452a3,Sas,Latvia,lv,1062762923763065,SDP Saskaņa/Jelgavas nodaļa,Facebook
f586d75b-a2c6-40a9-a98e-433bbb353c68,"SDP ""Saskaņa""Daugavpils novads/СДП ""Согласие""Даугавпилский район",2022-08-16T15:23:48.890Z,5d3d7835-773d-473e-b1c8-f95306004b86,Sas,Latvia,lv,1739716269590035,"SDP ""Saskaņa""Daugavpils novads/СДП ""Согласие""Даугавпилский район",Facebook
bccc8898-efc9-4672-a61d-010b140f4cfb,"SDP ""Saskaņa"" / Salaspils",2022-08-16T15:23:48.911Z,90a79b94-59b9-474b-93bb-6ab1cf072a9d,Sas,Latvia,lv,1692577767647236,"SDP ""Saskaņa"" / Salaspils",Facebook
faf6bcb5-93e1-4717-ad39-ab606f2661f5,"SDP ""Saskaņa"" / Dobeles nodaļa",2022-08-16T15:23:48.915Z,f8320aed-ff1a-4ed7-bc19-b77eca522cf1,Sas,Latvia,lv,472585142930042,"SDP ""Saskaņa"" / Dobeles nodaļa",Facebook
66d546bf-d47c-43a3-b777-d48777c0bb57,Mamikins.lv,2022-08-16T15:23:48.923Z,99d3c3a0-1aaa-44bd-97bd-edec4ac08554,Sas,Latvia,lv,587293021433280,Mamikins.lv,Facebook
44f2362b-6929-44ed-885c-3b71366f4d7d,Artis Pabriks,2022-08-16T15:23:49.005Z,1c5ca6df-b588-45c0-958f-8ff8bba1aa13,Vien,Latvia,lv,420191171486157,Artis Pabriks,Facebook
ac7ae67e-ca79-48f6-813f-08c44dbea662,Karlis Sadurskis,2022-08-16T15:23:49.017Z,5224f1a9-da35-4e90-a3bc-0cd2dc8ec797,Vien,Latvia,lv,155506194657687,Karlis Sadurskis,Facebook
5645923d-0b2a-4e25-bffd-822e56a45851,Olafs Pulks,2022-08-16T15:23:49.013Z,12bbfa96-5ef5-4f8e-b396-24e62af2ecb9,Vien,Latvia,lv,100001018765840,Olafs Pulks,Facebook
0821e4ea-9b11-4625-baa7-5007055c30bf,Sandra Kalniete,2022-08-16T15:23:49.019Z,ae81677b-49e1-4512-9fef-3d013be5bf3d,Vien,Latvia,lv,363128980541199,Sandra Kalniete,Facebook
ecad6c33-907e-4494-8369-a6b98c2e8270,Vilnis Ķirsis,2022-08-16T15:23:49.024Z,14de5522-ca32-4772-8cb4-ba89d7e31ba7,Vien,Latvia,lv,345732198859561,Vilnis Ķirsis,Facebook
24ad1380-062b-4c11-9c99-972e94bea7ee,Vienotība-Latvijas attīstībai Inčukalna novadam,2022-08-16T15:23:49.025Z,9c8a27e8-803a-43e9-9d36-b9d13b698cf2,Vien,Latvia,lv,1283283615092437,Vienotība-Latvijas attīstībai Inčukalna novadam,Facebook
601dd161-64c6-435e-b6a0-7c65a005851d,Vienotība Rīgā,2022-08-16T15:23:49.027Z,01a11c52-ec56-48f9-80e5-7ecf58195045,Vien,Latvia,lv,316960771751848,Vienotība Rīgā,Facebook
5c08a69a-a618-4ec0-8d91-7bd6d41a4efb,Iecavas novada Vienotība,2022-08-16T15:23:49.053Z,11ebb573-bfec-421d-a781-0d0ae76368e6,Vien,Latvia,lv,308150182948637,Iecavas novada Vienotība,Facebook
c10eff24-7d5e-4a8a-8ff6-6a6aada2d52f,Vienotība Pļaviņas,2022-08-16T15:23:49.045Z,9b97b015-932e-4b81-9d9b-d8c8cd75d66f,Vien,Latvia,lv,291392681291208,Vienotība Pļaviņas,Facebook
95a58a68-d778-43af-83e9-c8dbe6ae3655,Vienotība Tukuma novadam,2022-08-16T15:23:49.058Z,0c1ae5b1-f680-42d0-998f-ff584511ab12,Vien,Latvia,lv,526940737696013,Vienotība Tukuma novadam,Facebook
76bc8524-e931-4f84-b1c4-be0a76b92c1b,VIENOTĪBA Jaunatnes organizācija,2022-08-16T15:23:49.136Z,cb21fd95-c71e-4b0e-bc9c-39a007a33cd2,Vien,Latvia,lv,223146534411534,VIENOTĪBA Jaunatnes organizācija,Facebook
094a770f-f897-4b5f-afa2-c18c57011275,Vienotība Dobeles novadā,2022-08-16T15:23:49.150Z,18d01dfb-1c79-4063-9a08-5740959b72bb,Vien,Latvia,lv,133000957252574,Vienotība Dobeles novadā,Facebook
bcf95f8f-f16a-4d7c-938a-f9664a5ed997,Vienotība Saldus,2022-08-16T15:23:49.140Z,f0248ef9-f5f9-42f1-995a-56ba84fd0055,Vien,Latvia,lv,521361291391264,Vienotība Saldus,Facebook
e3e54006-41f1-4c1e-b9a5-372609723d72,Vienotība Talsu novadam,2022-08-16T15:23:49.139Z,5f81ca4c-9c89-4f6e-8f31-41c67d011ec2,Vien,Latvia,lv,1185179818233770,Vienotība Talsu novadam,Facebook
2490c59b-27cb-4f05-8fbe-cc83aa91f160,VIENOTĪBA,2022-08-16T15:23:49.128Z,654222de-e612-448c-8187-e81615288311,Vien,Latvia,lv,164326166970895,VIENOTĪBA,Facebook
d13b7b19-1f6d-409f-8065-9681ce945be4,Hosams Abu Meri Page,2022-08-16T15:23:49.181Z,f409557c-99dd-4691-88af-f90d32ef3335,Vien,Latvia,lv,172666276725268,Hosams Abu Meri Page,Facebook
139f0910-8a49-4020-bfe8-25bbb8e3cc34,Vienotības Mārupes nodaļa,2022-08-16T15:23:49.187Z,4162270d-dd5f-4ce4-85b8-090d7143c7c3,Vien,Latvia,lv,150960878402040,Vienotības Mārupes nodaļa,Facebook
af1ca83c-7e2b-4d46-a71b-603b1a6cff1f,Cēsis Vieno,2022-08-16T15:23:49.193Z,00287812-9c4c-4917-b75d-6f5f3bbf1614,Vien,Latvia,lv,340980872689455,Cēsis Vieno,Facebook
e4707981-841d-4d3e-b7c2-cccd2a08b19e,Vienoti Jūrmalai,2022-08-16T15:23:49.160Z,5b26fa8e-9f45-4d8d-b0da-3cbb7c52e75e,Vien,Latvia,lv,363926246988584,Vienoti Jūrmalai,Facebook
a7b19d22-e5cd-426d-a8b0-ee8ef9e175bc,Valdis Dombrovskis,2022-08-16T15:23:49.153Z,5e72e453-888c-4654-b043-0362a55348c1,Vien,Latvia,lv,984665731564266,Valdis Dombrovskis,Facebook
0304c5db-4ddf-4ac4-a6cd-f0f45096e516,Kandavas novada Zaļā partija,2022-08-16T15:23:49.272Z,14b1f2a6-18a9-4c5c-8a68-7e9126785a71,ZZS,Latvia,lv,301242763623851,Kandavas novada Zaļā partija,Facebook
f7202374-841b-400c-8651-a630c1416b06,Ozolnieki.Latvijas Zaļā partija,2022-08-16T15:23:49.272Z,cfe45029-de3c-4365-acfb-0666ed8b27a3,ZZS,Latvia,lv,578549749010759,Ozolnieki.Latvijas Zaļā partija,Facebook
0308f4e0-2c7c-42c5-bc57-362a91605aca,Latvijas Zaļā partija Saulkrastu novads,2022-08-16T15:23:49.296Z,251e1a77-f622-45ab-b378-b4f4dca486e7,ZZS,Latvia,lv,143768052826361,Latvijas Zaļā partija Saulkrastu novads,Facebook
cd751c36-c75a-408a-977e-751e0bd864f2,Latvijas Zaļā partija Brocēnu novadā,2022-08-16T15:23:49.296Z,8b96527e-4ad3-446a-9eff-c820a651aa48,ZZS,Latvia,lv,1329851377102669,Latvijas Zaļā partija Brocēnu novadā,Facebook
adb2953e-749e-42d8-84a9-8ff68e1930c9,Latvijas Zaļā partija Ķekavas novadā,2022-08-16T15:23:49.296Z,c1b3b944-3bb5-49ae-983a-c7b50354f2c7,ZZS,Latvia,lv,1700387650261897,Latvijas Zaļā partija Ķekavas novadā,Facebook
dc6ddd9c-48d6-4765-ad04-0ccaf3cb706e,Zaļā Jēkabpils,2022-08-16T15:23:49.304Z,5cade53b-3e28-407b-9f66-a9525246458b,ZZS,Latvia,lv,254058068395695,Zaļā Jēkabpils,Facebook
24cf95c1-0778-488f-8e88-853e98da3fa7,Zaļās partijas Saldus nodaļa,2022-08-16T15:23:49.354Z,87af1869-a8f8-4f4d-8b7d-3cec1abbc9ea,ZZS,Latvia,lv,633821046811910,Zaļās partijas Saldus nodaļa,Facebook
44c1af1e-08d9-4ec3-a97c-18e8b1aee9f8,Latvijas Zaļā partija,2022-08-16T15:23:49.268Z,ae13f7ba-c962-4cbb-ac4e-dcb4fe67683f,ZZS,Latvia,lv,415090035368188,Latvijas Zaļā partija,Facebook
f3fb6648-a362-46f1-ba80-aec21cbcc875,Latvijas Zaļās partijas Baldones nodaļa,2022-08-16T15:23:49.338Z,502c8533-449a-4440-98ab-fe455b2e07d6,ZZS,Latvia,lv,845397725531563,Latvijas Zaļās partijas Baldones nodaļa,Facebook
0e8ebb75-c7aa-4fe3-902b-8ab70c59b4b9,Latvijas Zaļā Partija,2022-08-16T15:23:49.328Z,ca52a49a-da62-4feb-9c52-962be9094782,ZZS,Latvia,lv,1579176062410882,Latvijas Zaļā Partija,Facebook
ece44676-a4ba-47d3-9625-f5ed3833ecf2,Latvijas Zaļās Partijas Mārupes novada saraksts,2022-08-16T15:23:49.400Z,8cd57b7a-79dc-4e93-b9f5-79bb4020a80c,ZZS,Latvia,lv,155059961334378,Latvijas Zaļās Partijas Mārupes novada saraksts,Facebook
6df78e5a-f47c-4f9f-8082-f42bff5a3cad,Latvijas Zemnieku Savienība,2022-08-16T15:23:49.421Z,4266561b-2793-431c-b778-387ff6e1a210,ZZS,Latvia,lv,2277637798928471,Latvijas Zemnieku Savienība,Facebook
3940572e-562d-4023-a335-4a022de1e85f,Latvijas Zaļās partijas Jaunatnes nodaļa,2022-08-16T15:23:49.399Z,18444ad1-8f3a-4b0b-95f4-b9dec8c9f9b4,ZZS,Latvia,lv,723351014384209,Latvijas Zaļās partijas Jaunatnes nodaļa,Facebook
45763706-0fca-445b-ae22-fae7bc61fbea,Latvijas Zemnieku Savienības Jaunatnes nodaļa,2022-08-16T15:23:49.425Z,c378cd49-d1dc-4d09-a335-3f45022d6099,ZZS,Latvia,lv,887364657946435,Latvijas Zemnieku Savienības Jaunatnes nodaļa,Facebook
3b747d91-21c7-49ce-a523-806a9a4f9cf1,Latvijas Zemnieku savienības Talsu nodaļa,2022-08-16T15:23:49.424Z,05d3edb2-55d6-4ef8-a172-80ae358a29fc,ZZS,Latvia,lv,363047804083208,Latvijas Zemnieku savienības Talsu nodaļa,Facebook
70e85cf6-dc14-49a2-88a5-3e76ab26955c,Latvijas Zemnieku savienības Lielvārdes nodaļa,2022-08-16T15:23:49.437Z,8346838a-100f-42a1-af40-5788f744dd84,ZZS,Latvia,lv,1443490769056799,Latvijas Zemnieku savienības Lielvārdes nodaļa,Facebook
4d157c38-81f2-4e05-b387-c2fd312c2da8,Latvijas Zemnieku Savienība - Cēsis,2022-08-16T15:23:49.467Z,c70c9d71-205c-4b92-b950-09195f405cbb,ZZS,Latvia,lv,144689432739139,Latvijas Zemnieku Savienība - Cēsis,Facebook
7423bdc8-9bd5-480f-a6e1-ce9ded47946b,Latvijas Zaļās partijas Talsu nodaļa,2022-08-16T15:23:49.390Z,d3e9d267-b21e-4ef4-a634-d51c1294213e,ZZS,Latvia,lv,1743704822509660,Latvijas Zaļās partijas Talsu nodaļa,Facebook
d42d6bab-b9d4-42cd-b41a-4b22cbe00c08,Latvijas Zemnieku Savienības Ķekavas novada nodaļa,2022-08-16T15:23:49.469Z,e95d687d-7268-4ce1-acd4-243abbd0a483,ZZS,Latvia,lv,262371130813862,Latvijas Zemnieku Savienības Ķekavas novada nodaļa,Facebook
b9fd477e-be31-47d4-ac21-81cc44816da7,Latvijas Zemnieku Savienības Mārupes nodaļa,2022-08-16T15:23:49.496Z,85ad9295-99e6-4f4c-8fb8-ed0b4e8e2853,ZZS,Latvia,lv,1388968381130895,Latvijas Zemnieku Savienības Mārupes nodaļa,Facebook
032dc2a5-329c-4c5d-95d8-1744ea28272b,Latvijas Zemnieku Savienības Jēkabpils nodaļa,2022-08-16T15:23:49.513Z,ecdb2bb9-299d-4fc6-bf92-d499ceea2cf3,ZZS,Latvia,lv,1773243246284591,Latvijas Zemnieku Savienības Jēkabpils nodaļa,Facebook
32906868-5e4a-4761-9e1a-dbcb595eac33,Latvijas Zemnieku savienības Saldus nodaļa,2022-08-16T15:23:49.525Z,3e4b7950-37c5-4e0a-8185-8487df596084,ZZS,Latvia,lv,1526610294021186,Latvijas Zemnieku savienības Saldus nodaļa,Facebook
ed9a2f42-0aa0-4ad9-a766-a469e7baa20a,Latvijas Zemnieku Savienība Jēkabpils novads,2022-08-16T15:23:49.553Z,0790a80d-c474-4107-8f86-2b1bfbe965b3,ZZS,Latvia,lv,1909805002637421,Latvijas Zemnieku Savienība Jēkabpils novads,Facebook
29acacdb-7ceb-4f5a-bb53-4f3dfc23174e,Latvijas Zemnieku Savienība. Stopiņu nodaļa.,2022-08-16T15:23:49.527Z,f7ffb8e3-6d96-4e67-bd64-732248411658,ZZS,Latvia,lv,1259711900751693,Latvijas Zemnieku Savienība. Stopiņu nodaļa.,Facebook
e2f88c41-2b62-437d-a628-7a8b60b23e90,Latvijas Zemnieku Savienība - Inčukalna novada nodaļa,2022-08-16T15:23:49.556Z,9f434359-9a88-47b0-b0af-d12626ac5003,ZZS,Latvia,lv,189229554561799,Latvijas Zemnieku Savienība - Inčukalna novada nodaļa,Facebook
cbbf2ce0-2cd4-4a07-84b3-f862fb472144,Latvijas Zemnieku Savienība Brocēnu nodaļa,2022-08-16T15:23:49.573Z,8cef80eb-504d-4741-85df-7b300e035c4d,ZZS,Latvia,lv,329830767214192,Latvijas Zemnieku Savienība Brocēnu nodaļa,Facebook
5b0ec814-4ab4-441a-8369-388a9a89df28,Latvijas Zemnieku savienība Grobiņas novads,2022-08-16T15:23:49.557Z,13c714a0-8916-47f9-943a-4da107b3398a,ZZS,Latvia,lv,1941928112703735,Latvijas Zemnieku savienība Grobiņas novads,Facebook
55101d03-2337-4405-9dc7-995a9a9810a7,Latvijas Zemnieku Savienības Garkalnes nodaļa,2022-08-16T15:23:49.608Z,4ad09df1-8598-45ab-9be4-00398bec5e74,ZZS,Latvia,lv,284279108661503,Latvijas Zemnieku Savienības Garkalnes nodaļa,Facebook
a2417dd2-ea97-47c2-84e3-219f7eb087d7,ZZS,2022-08-16T15:23:49.611Z,1c121aa5-3c7c-4ed2-bf83-b4ad90b62769,ZZS,Latvia,lv,1895782043985643,ZZS,Facebook
fc06fa26-7277-400b-8c13-09443795fec9,Latvijas Zemnieku Savienības Burtnieku nodaļa,2022-08-16T15:23:49.639Z,036adcf0-d0ae-49d0-acf3-fe1e4d1a6ce8,ZZS,Latvia,lv,289853304794768,Latvijas Zemnieku Savienības Burtnieku nodaļa,Facebook
1112de58-2dbe-4e5d-b0f8-065f9b371379,Raimonds Vējonis,2022-08-16T15:23:49.648Z,b04f4556-5e8c-4027-9cb0-80439bd84a68,ZZS,Latvia,lv,1647539918829065,Raimonds Vējonis,Facebook
b1318676-b811-4467-8f45-ed0a248425af,Latvijas Zemnieku Savienības Olaines nodaļa,2022-08-16T15:23:49.639Z,81e10e65-8cbc-4939-b6b4-8a8167b4ecd5,ZZS,Latvia,lv,260279834464700,Latvijas Zemnieku Savienības Olaines nodaļa,Facebook
e86510c4-23d3-4db9-88b9-d419f24da470,Raimonds Vējonis,2022-08-16T15:23:49.653Z,c59a7301-679f-48a3-bc2c-58a9283191f2,ZZS,Latvia,lv,872878696101369,Raimonds Vējonis,Facebook
785cd71f-d8eb-4570-8c38-eaf93d70bdd8,Skandāli,2022-08-16T15:23:49.678Z,b0dc9111-ad99-416a-a602-b3d7f16e2e49,ZZS,Latvia,lv,668594619839084,Skandāli,Facebook
1391a3b3-0071-46ee-97b4-c3fcc7ea355d,Mēs mīlam Latviju,2022-08-16T15:23:49.677Z,e582256c-96c3-4ec5-b4da-e9022fc42bca,ZZS,Latvia,lv,1068017733210063,Mēs mīlam Latviju,Facebook
70b6f91f-e5af-4e58-b95d-c49ddea2d2d9,Latvija par Lembergu,2022-08-16T15:23:49.681Z,d92c9cb3-7b77-4e08-acf0-d4001f795278,ZZS,Latvia,lv,625912140781383,Latvija par Lembergu,Facebook
255d111a-f921-4cfe-b893-170504e9ef2a,Dzeltenais.lv,2022-08-16T15:23:49.741Z,4df77187-dd4a-44eb-91a4-38c6c50efb30,ZZS,Latvia,lv,108493449255417,Dzeltenais.lv,Facebook
25563179-7d93-403f-9971-e779fd9e4c0d,TautasBalss.lv,2022-08-16T15:23:49.707Z,a186edb9-06bb-4a9c-b2ca-714c5352552c,ZZS,Latvia,lv,362851627158360,TautasBalss.lv,Facebook
101f827c-f1f6-47f7-9d85-3741bec0f21a,Mēs mīlam Rīgu,2022-08-16T15:23:49.742Z,95ee18c0-2f10-4f9a-a232-ec87ea7c4f14,ZZS,Latvia,lv,215118108827688,Mēs mīlam Rīgu,Facebook
cc1e2417-ae2d-4e43-8bfb-61ab4df41d39,Ko mediji Tev nestāsta,2022-08-16T15:23:49.761Z,73d14ce5-9201-4115-9f18-dd534233d2fe,ZZS,Latvia,lv,446464092353050,Ko mediji Tev nestāsta,Facebook
aeeb20cc-dd6e-46bf-b26f-fbba17ea9de9,Ventspīl,2022-08-16T15:23:49.766Z,e5bd9c60-cea9-4778-9aaa-75aa0d8ed2ab,ZZS,Latvia,lv,395313990855345,Ventspīl,Facebook
72c434f1-d448-45c0-a294-264983977374,Ventspilnieks,2022-08-16T15:23:49.773Z,3bc5abf7-40b9-4f11-81a2-48d95dde2182,ZZS,Latvia,lv,1839070096305880,Ventspilnieks,Facebook
94fa84f5-5e54-45fb-a608-ad0696900184,Zaļā Latvija,2022-08-16T15:23:49.778Z,521eb507-0c8e-487e-a751-f31ad91253c9,ZZS,Latvia,lv,364747870225290,Zaļā Latvija,Facebook
50d8b602-a22a-475c-b082-83afe44a2c67,Mūsu Rīga,2022-08-16T15:23:49.800Z,7df878a4-ef90-4571-8fb8-dcfed7ba4299,ZZS,Latvia,lv,1578990078997006,Mūsu Rīga,Facebook
35e934cd-a04b-414c-a665-5122ef82d94a,Vēlētājiem,2022-08-16T15:23:49.808Z,2892c304-240f-4164-8876-c1a5ee4b8207,ZZS,Latvia,lv,1146149775459435,Vēlētājiem,Facebook
f865fa9e-be8b-4325-8df8-73b63df05b4c,Mūsu Latvijai,2022-08-16T15:23:49.805Z,d8076d31-3f7b-4b2c-8a25-748fac0df84e,ZZS,Latvia,lv,1639338592952948,Mūsu Latvijai,Facebook
43913b8c-da2c-4644-90fe-3f8643cd9879,Sabiedrība par atklātību,2022-08-16T15:23:49.871Z,33e2c3b1-8704-4df4-9b55-d1e84ceb6479,ZZS,Latvia,lv,114555055909276,Sabiedrība par atklātību,Facebook
9f6e4569-ce33-478a-863c-2f5586ce57cf,Sabiedriskais medijs,2022-08-16T15:23:50.023Z,e5262f9b-0512-416a-ad43-0e49620e38a6,ZZS,Latvia,lv,804121852991946,Sabiedriskais medijs,Facebook
9925df85-8d06-4f6d-bd85-47dc49de1c4f,Nacionālā apvienība Mārupiešiem,2022-08-16T15:23:50.256Z,c49e4de2-2121-4f31-a7fa-7f0e3b0e2b9b,NA,Latvia,lv,287572817937583,Nacionālā apvienība Mārupiešiem,Facebook
fc91624f-e5e0-4ba2-b06f-39ae0b3b4eab,Nacionālā apvienība Salacgrīvas novads,2022-08-16T15:23:50.425Z,7a07a82a-84b2-4afd-ae57-9653970b4b86,NA,Latvia,lv,1941337169436099,Nacionālā apvienība Salacgrīvas novads,Facebook
5cd5c0f2-33d7-46d9-83e1-b512ff7792e1,Nacionālā apvienība Zemgalē,2022-08-16T15:23:50.550Z,ecdad61c-bdd5-40bd-b167-bb7d29a8c6e4,NA,Latvia,lv,130196610940657,Nacionālā apvienība Zemgalē,Facebook
6ad09ff9-d200-4045-afcd-c655c11681f6,"Partiju apvienības ""Latvijas Reģionu Apvienība"" Jaunatnes nodaļa",2022-08-16T15:23:50.678Z,c10b07c5-e444-4cd0-a314-925a2001302e,AS,Latvia,lv,1069925476409898,"Partiju apvienības ""Latvijas Reģionu Apvienība"" Jaunatnes nodaļa",Facebook
f20694e0-7abe-40c8-8f16-d83e4a658605,"Ainārs Belovs ""KPV LV""",2022-08-16T15:23:51.096Z,4b0f190a-5c78-4c00-bb73-8b6539202869,Oth,Latvia,lv,158000104731893,"Ainārs Belovs ""KPV LV""",Facebook
63cef27e-65b4-428b-b97c-f20e237778d2,Kam pieder Valsts? - Lielbritānijas Grupa,2022-08-16T15:23:51.243Z,1d397eda-5835-46ec-a104-861a6eb6f983,Oth,Latvia,lv,1068772946507264,Kam pieder Valsts? - Lielbritānijas Grupa,Facebook
6f3acc5f-0890-47ad-a6d5-dd045ff59730,Latvijas attīstībai Pļaviņu nodaļa,2022-08-16T15:23:51.460Z,d4fa39fc-0564-4991-92f6-131e72c2eee8,Oth,Latvia,lv,120161395198378,Latvijas attīstībai Pļaviņu nodaļa,Facebook
2e9b124c-84cd-4888-ba57-76415ff1b2ed,От сердца - Латвии,2022-08-16T15:23:51.521Z,85f67435-7f43-4052-a9c8-1f3ed5fa268a,Oth,Latvia,lv,1334513739969987,От сердца - Латвии,Facebook
a81a4cd7-50f7-4352-bc52-20c4799447ba,No Sirds Latvijai Cēsu nodaļa,2022-08-16T15:23:51.640Z,bb92563b-acdd-4c2e-a45a-298e1485b01c,Oth,Latvia,lv,194536861161374,No Sirds Latvijai Cēsu nodaļa,Facebook
df3defe7-d31a-4cd5-8682-610b73f4929a,Jaunā konservatīvā partija - Latgale,2022-08-16T15:23:50.815Z,f2caa756-baaf-4700-923c-58ab25e67d8f,Oth,Latvia,lv,549948942006132,Jaunā konservatīvā partija - Latgale,Facebook
4e912ff1-af6e-404b-b0b4-cb1def6a3bbf,Jaunā konservatīvā partija - Ventspils,2022-08-16T15:23:50.963Z,a5e6218a-9795-478d-bbd5-cdd9bbfc47eb,Oth,Latvia,lv,539852029687488,Jaunā konservatīvā partija - Ventspils,Facebook
548235b2-1d4e-4d40-b0f6-adb739703103,Sliktās Ziņas,2022-08-16T15:23:49.843Z,d0d0b065-810a-4990-9eb1-dd7f4b842144,ZZS,Latvia,lv,170170186841062,Sliktās Ziņas,Facebook
06a59aad-9ecd-4922-bd04-a2fe4f112fc0,Kultūras Ziņas,2022-08-16T15:23:49.981Z,599fe967-cab1-4936-81c9-cd693e5f484e,ZZS,Latvia,lv,1580919542129095,Kultūras Ziņas,Facebook
a4d2ec6e-a4a0-40f5-8e44-c2de376cb041,Nacionālā apvienība Liepājā,2022-08-16T15:23:50.176Z,51957a89-f186-45ad-a468-299a5910c414,NA,Latvia,lv,585560904809361,Nacionālā apvienība Liepājā,Facebook
d374d314-6663-45db-90ad-da02367b92d6,Nacionālā apvienība Saldus nodaļa,2022-08-16T15:23:50.396Z,ed0babfb-51ed-4851-8798-b3306e3dac81,NA,Latvia,lv,1151290068296063,Nacionālā apvienība Saldus nodaļa,Facebook
294445f5-5583-4f69-a3db-ea8e6bc632e9,Nacionālās apvienības Bauskas nodaļa,2022-08-16T15:23:50.587Z,c82b769f-97c8-4a41-9baa-88eff9002694,NA,Latvia,lv,1219249568113977,Nacionālās apvienības Bauskas nodaļa,Facebook
db64c530-1610-4046-b0bd-aacd5c709f1e,Latvijas Reģionu Apvienība Jelgavas nodaļa,2022-08-16T15:23:50.717Z,1d8df088-0dcf-45a1-9548-27f934841757,AS,Latvia,lv,521075521264201,Latvijas Reģionu Apvienība Jelgavas nodaļa,Facebook
020dc05c-1252-478b-855c-c02c529dfc9b,Gods kalpot mūsu Latvijai,2022-08-16T15:23:51.116Z,636d57ae-5cf4-4e70-b2c6-621c894feb39,Oth,Latvia,lv,433516920153941,Gods kalpot mūsu Latvijai,Facebook
f5462c96-4270-49e5-a23d-40276f568841,Gods kalpot mūsu Latvijai Jūrmalas nodaļa,2022-08-16T15:23:51.161Z,2db5751b-587b-47c1-90ba-8b72f2dd7f89,Oth,Latvia,lv,1186264314793227,Gods kalpot mūsu Latvijai Jūrmalas nodaļa,Facebook
82f5b1b0-f6b4-4ff3-8595-321738edce63,KPV LV Saldus novads,2022-08-16T15:23:51.246Z,7431d326-407b-491c-9ad0-3fd7fcb52adf,Oth,Latvia,lv,1276454492439721,KPV LV Saldus novads,Facebook
91a9f2d3-2fc0-4512-aca1-4ddd98e0acf9,Latvijas Attīstībai,2022-08-16T15:23:51.370Z,c4e5d5cc-1eda-45d7-ab87-1a44a2f18017,Oth,Latvia,lv,496837527004594,Latvijas Attīstībai,Facebook
561826a9-4e1b-4b30-b53a-53b84b7ba8ed,No sirds Latvijai Liepājas nodaļa,2022-08-16T15:23:51.505Z,fbdd68d1-ab52-431f-86e0-02ee367948fc,Oth,Latvia,lv,1313207138760969,No sirds Latvijai Liepājas nodaļa,Facebook
9616a46d-8c77-4f3e-9f04-94848ef7e3ca,Jaunā konservatīvā partija - Liepāja,2022-08-16T15:23:50.851Z,5266729a-25a5-41c9-8ea1-6ecad39a53c4,Oth,Latvia,lv,1668997366727660,Jaunā konservatīvā partija - Liepāja,Facebook
e38ab789-30a9-4b17-8da8-c96c91ab0046,Jaunā konservatīvā partija - Bauska,2022-08-16T15:23:50.986Z,6f6d436d-4d64-48d0-8d7a-1b469ac74180,Oth,Latvia,lv,1583498891718736,Jaunā konservatīvā partija - Bauska,Facebook
51139441-894e-4181-bc46-f1503b8aec9b,Latvijas Nacionālais biznesa portāls Bizness.lv,2022-08-16T15:23:49.884Z,18e0e99d-510b-424f-8ab4-597b71ed2156,ZZS,Latvia,lv,134263333258458,Latvijas Nacionālais biznesa portāls Bizness.lv,Facebook
eefb32ea-2832-4e24-95d3-427f4be7572d,Ināra Mūrniece,2022-08-16T15:23:50.027Z,2ab32cad-daa2-4c8f-ac49-09eb4862e74e,NA,Latvia,lv,458517724339174,Ināra Mūrniece,Facebook
7746a606-982b-479f-959e-0f5b10026e82,Nacionālā apvienība Ventspils nodaļa,2022-08-16T15:23:50.264Z,18e79efe-8352-4688-a949-3d84b2e2506e,NA,Latvia,lv,312186102290193,Nacionālā apvienība Ventspils nodaļa,Facebook
463aab7e-ab1c-44fb-a5f6-7208e636bcec,Nacionālā apvienība - Tukuma novads,2022-08-16T15:23:50.428Z,762c9c0a-71c3-410d-9046-38b090c49946,NA,Latvia,lv,790873654411021,Nacionālā apvienība - Tukuma novads,Facebook
40ef5dd8-c112-4121-a3e4-cafa462c52b5,Nacionālā apvienība Kuldīgas novads,2022-08-16T15:23:50.566Z,36721371-58d6-4af5-9ae8-7a89f9faad04,NA,Latvia,lv,126628017893375,Nacionālā apvienība Kuldīgas novads,Facebook
7b35b6f2-7bd6-40de-bd30-2bda0ed6bfbe,Latvijas Reģionu Apvienība - Saldus novads,2022-08-16T15:23:50.700Z,e3ef68ac-f07c-4855-b27e-e265c5fc761b,AS,Latvia,lv,177567349431139,Latvijas Reģionu Apvienība - Saldus novads,Facebook
e5e85270-7882-4e25-83f6-4f9b489ef989,"""Aivars Geidāns ""KPV LV""",2022-08-16T15:23:51.108Z,de0668e6-8063-46dc-9d22-9703f9202acf,Oth,Latvia,lv,1914095018847287,"""Aivars Geidāns ""KPV LV""",Facebook
734f1701-cc4f-47e4-800b-b4cb1f73e46e,Kam Pieder Valsts?,2022-08-16T15:23:51.239Z,d0b03fdf-9d6e-4b24-b68a-d84776914ab4,Oth,Latvia,lv,837296389667198,Kam Pieder Valsts?,Facebook
19ce80c3-6452-4f79-a9ee-a01e09a637e7,KPV LV- Limbažu novads,2022-08-16T15:23:51.364Z,f123b3b3-5ff7-424a-b57b-d414978af434,Oth,Latvia,lv,1501101793294237,KPV LV- Limbažu novads,Facebook
03aba88f-f3d7-42f3-862e-8244fa5e0405,No sirds Latvijai,2022-08-16T15:23:51.494Z,62707b0d-38f2-417f-912e-0812f046dbaf,Oth,Latvia,lv,1404203823167073,No sirds Latvijai,Facebook
ba90d3c9-9968-4fa1-ac5e-00eafe957a0a,No Sirds Latvijai Ventspils nodaļa,2022-08-16T15:23:51.622Z,0d13c30b-f520-4ee4-ad50-e56222ff8ce3,Oth,Latvia,lv,422509628105249,No Sirds Latvijai Ventspils nodaļa,Facebook
65c981ba-ae3d-4c40-ac50-1a112ecf9a09,Jaunā konservatīvā partija - Limbaži,2022-08-16T15:23:50.833Z,0522fbb9-0c93-4a08-8dea-e35fe8f0948c,Oth,Latvia,lv,372056153188744,Jaunā konservatīvā partija - Limbaži,Facebook
75c26089-25cb-4159-8550-19b3bc66fe72,Jaunā konservatīvā partija - Gulbene,2022-08-16T15:23:50.975Z,36a01322-7ef3-4467-b02a-19d1e3d06118,Oth,Latvia,lv,205268336728688,Jaunā konservatīvā partija - Gulbene,Facebook
3603bd91-ecf0-493a-8479-bba760ee449b,Sievietes Klubs,2022-08-16T15:23:49.888Z,94c30f59-ea83-4cfd-aea0-d32ba853f87f,ZZS,Latvia,lv,308144772691828,Sievietes Klubs,Facebook
6a22feba-ee2b-44fd-a194-2209c29c6800,Jānis Dombrava,2022-08-16T15:23:50.027Z,7d80737f-1602-46ea-9119-cde410ba26ae,NA,Latvia,lv,235220853567408,Jānis Dombrava,Facebook
ed005c2c-f2d9-4ead-b25c-948a461014a8,Nacionālā apvienība Neretas komanda,2022-08-16T15:23:50.256Z,c7dcd8fb-594a-4fa3-b5b0-e5fddc3042d1,NA,Latvia,lv,420032455033106,Nacionālā apvienība Neretas komanda,Facebook
bf0fb342-f4d6-4706-ab7c-5616fd7e9a3e,Nacionālā apvienība Smiltenes novads,2022-08-16T15:23:50.452Z,795c805a-46fb-4de2-b059-d0d09fce7f72,NA,Latvia,lv,101914677031810,Nacionālā apvienība Smiltenes novads,Facebook
b9d8611c-3642-456b-834b-7c79643826ae,Nacionālās apvienības Jēkabpils nodaļa,2022-08-16T15:23:50.566Z,ae515afb-dd8a-4748-aedf-075edc7841c2,NA,Latvia,lv,283305602098872,Nacionālās apvienības Jēkabpils nodaļa,Facebook
415c61ac-b564-436c-b577-84fdd967ae60,Latvijas Reģionu Apvienība/liepājnieki,2022-08-16T15:23:50.676Z,b79f234b-282a-432e-b04e-bea6f3a321b4,AS,Latvia,lv,1747453328834810,Latvijas Reģionu Apvienība/liepājnieki,Facebook
6800b16c-9256-4af8-9ef9-92726081d23f,Jaunā konservatīvā partija - Ķekava,2022-08-16T15:23:50.797Z,2a030ac7-ed85-4740-a747-f43e06a3bac6,Oth,Latvia,lv,751478525017040,Jaunā konservatīvā partija - Ķekava,Facebook
74af7f12-7f64-46b8-8386-29a237b9ecd5,Jaunā konservatīvā partija - Jelgava,2022-08-16T15:23:50.923Z,523b48a9-83e1-4c43-af3a-77585fdc4099,Oth,Latvia,lv,376392382783271,Jaunā konservatīvā partija - Jelgava,Facebook
bfd77ef2-ffcb-4193-8658-b6fc3ce524fa,Juta Strīķe,2022-08-16T15:23:51.039Z,91bd8674-6ed3-4bda-8567-60f76d1ea92a,Oth,Latvia,lv,1496804553666153,Juta Strīķe,Facebook
f6db06cc-4b28-4521-93dc-311f30a46708,Latvijas Produkts,2022-08-16T15:23:49.901Z,b94f1bc1-7146-4db8-92b5-9c292c06e8c9,ZZS,Latvia,lv,239515576088057,Latvijas Produkts,Facebook
7657bce5-e9ef-4a10-8e4f-4c2cc5baad7a,Nacionālā apvienība,2022-08-16T15:23:50.102Z,0cd0e436-2c2f-4b62-a482-d100b600a3c6,NA,Latvia,lv,118130241644848,Nacionālā apvienība,Facebook
6d19fec0-0ccc-42d1-9ebf-b830b4f018d5,Nacionālā apvienība Madonas nodaļa,2022-08-16T15:23:50.328Z,550447bd-20f0-4289-93d3-45cf15324bc3,NA,Latvia,lv,422825478054615,Nacionālā apvienība Madonas nodaļa,Facebook
54f75d0a-0420-481d-82af-4446cba77702,Nacionālā Apvienība Priekuļu Novadā,2022-08-16T15:23:50.462Z,cebe24dd-08b6-44b7-929c-7156ae2a4122,NA,Latvia,lv,1394483980615931,Nacionālā Apvienība Priekuļu Novadā,Facebook
7e30a4f6-5351-419a-8b05-7aa3e77edfa8,Nacionālās Apvienības Ikšķiles nodaļa,2022-08-16T15:23:50.586Z,c2985e90-5a0c-47ab-b1c4-26971ec8f076,NA,Latvia,lv,561073684080308,Nacionālās Apvienības Ikšķiles nodaļa,Facebook
c239ad83-183b-41cb-9a27-274bdb50634a,Latvijas Reģionu apvienība Koknesē,2022-08-16T15:23:50.709Z,d2edadad-ab2d-4a00-a674-ed4dc1678861,AS,Latvia,lv,621526974714235,Latvijas Reģionu apvienība Koknesē,Facebook
fcd51819-3e5e-48e2-be4b-9b1d33f6e8c1,Tatjana Ždanoka,2022-08-16T15:23:51.090Z,b52ef4d4-8e30-4a73-aa45-10d1b7462c27,LKS,Latvia,lv,146160892112506,Tatjana Ždanoka,Facebook
47dfaeac-a122-4520-b4a9-b39571619336,Ingūna Sudraba,2022-08-16T15:23:51.240Z,d4cfd320-628d-4af2-a6b2-9ee8eb670ee7,Oth,Latvia,lv,655022591234602,Ingūna Sudraba,Facebook
0a8a48d3-cd0d-4568-bae5-368773a82380,KPV LV Kuldīgas nodaļa,2022-08-16T15:23:51.283Z,8a920287-bfd3-447a-b35a-f2b144e973c3,Oth,Latvia,lv,382229048776223,KPV LV Kuldīgas nodaļa,Facebook
bbb4d5bc-93f5-4cee-b91e-74eb0afc7d89,Latvijas attīstībai - Sergejs Akuličs,2022-08-16T15:23:51.401Z,cbd3a29b-0b6a-470f-822b-2991a609c828,Oth,Latvia,lv,113063065913115,Latvijas attīstībai - Sergejs Akuličs,Facebook
659e012c-fdd6-4991-ade7-6059bce31fbe,No sirds Latvijai Daugavpils nodaļa,2022-08-16T15:23:51.518Z,5f510298-b44a-4556-81f3-28982224d6d8,Oth,Latvia,lv,447211645624410,No sirds Latvijai Daugavpils nodaļa,Facebook
14aef369-bb91-4da0-8015-1fdd07cb2e1c,No sirds Latvijai Kandavas nodaļa,2022-08-16T15:23:51.637Z,36eaf811-21d5-420f-bc68-82c4a87f20e1,Oth,Latvia,lv,150414645619585,No sirds Latvijai Kandavas nodaļa,Facebook
20028a4e-f3ec-46b7-a76c-331835c31414,Jaunā konservatīvā partija - Talsi,2022-08-16T15:23:50.833Z,3c563c30-a90e-4f0d-a64b-3da044f0b0b1,Oth,Latvia,lv,383797722005328,Jaunā konservatīvā partija - Talsi,Facebook
5441961b-dc9c-46aa-8a30-e63adb77347d,Jaunā konservatīvā partija - Smiltene,2022-08-16T15:23:50.955Z,af5ce519-c654-40ab-916b-769a6de386c3,Oth,Latvia,lv,1839561683008521,Jaunā konservatīvā partija - Smiltene,Facebook
e624908b-bd96-470b-be10-8bef87137dbc,Garšīgi,2022-08-16T15:23:49.912Z,753414ca-0a33-4616-bbcd-08d0bfed86c3,ZZS,Latvia,lv,150202485061648,Garšīgi,Facebook
f871eb27-bdbf-4bc0-a0e4-ab3975e0b876,Nacionālā apvienība Rīga,2022-08-16T15:23:50.138Z,7c3749c6-9b86-48f0-9f07-449ddf1f5658,NA,Latvia,lv,494105417306646,Nacionālā apvienība Rīga,Facebook
1400112f-229a-44cf-b740-f103310285df,Nacionālā apvienība Talsu nodaļa,2022-08-16T15:23:50.360Z,d8f8df36-0939-4057-81ba-862f4afa8635,NA,Latvia,lv,1794691970847372,Nacionālā apvienība Talsu nodaļa,Facebook
924df10d-7c30-40cb-976d-364b2bc7f6a0,Nacionālā apvienība Olaines nodaļa,2022-08-16T15:23:50.496Z,f8fa2517-cf83-48eb-aaf8-75813237800d,NA,Latvia,lv,2002786966608798,Nacionālā apvienība Olaines nodaļa,Facebook
c17a7329-a63c-4bc7-8c08-cf94e9e00aa3,Raivis Dzintars,2022-08-16T15:23:50.621Z,2d03723f-a0c5-4b8d-ab8b-76ac0f667d96,NA,Latvia,lv,1839476629666269,Raivis Dzintars,Facebook
0b48ccd5-6254-4d21-afcc-a2fdb5c20c66,Latvijas Reģionu apvienība Vecumnieku nodaļa,2022-08-16T15:23:50.746Z,e8923341-4f8f-4abb-bd29-afb1fe94aa13,AS,Latvia,lv,837013876450667,Latvijas Reģionu apvienība Vecumnieku nodaļa,Facebook
31cf004b-3162-4c5f-912f-2b12d97ff1a5,Gods kalpot mūsu Latvijai Ķekavas nodaļa,2022-08-16T15:23:51.118Z,7a307c62-aa84-4cf0-b3bc-72cc8ede4aa3,Oth,Latvia,lv,620352244786077,Gods kalpot mūsu Latvijai Ķekavas nodaļa,Facebook
c49b051e-bac1-4255-9d2a-9c44ff189dfd,Gods kalpot mūsu Latvijai Jelgavas reģionālā nodaļa,2022-08-16T15:23:51.228Z,f26be72d-b64c-4a24-b287-28805800fa43,Oth,Latvia,lv,917256348344257,Gods kalpot mūsu Latvijai Jelgavas reģionālā nodaļa,Facebook
9452496e-c1a8-4efc-98c5-6882688c3a28,KPV LV Carnikavas novads,2022-08-16T15:23:51.359Z,89f64b3b-6309-49e2-83f0-616b9e15c950,Oth,Latvia,lv,306527329764232,KPV LV Carnikavas novads,Facebook
209743e2-e6ef-4bfa-8eb1-4d78a134a483,Latvijas attīstībai Bauskas nodaļa,2022-08-16T15:23:51.395Z,4110c666-91ae-4c48-948e-464e3da2e487,Oth,Latvia,lv,1311406668973340,Latvijas attīstībai Bauskas nodaļa,Facebook
03118374-a860-4d35-9703-ba42d08891d7,No sirds Latvijai Skrundas nodaļa,2022-08-16T15:23:51.513Z,c5bbf05a-0972-4a2d-a6f4-94f2d66c8c62,Oth,Latvia,lv,1336435626443191,No sirds Latvijai Skrundas nodaļa,Facebook
b11cb65a-3d6d-41bf-a8e7-bc68c6e647e1,Jaunā konservatīvā partija - Jēkabpils,2022-08-16T15:23:50.870Z,1bf9e897-873f-4def-8e4d-e14be2cb4fe2,Oth,Latvia,lv,1962438393998097,Jaunā konservatīvā partija - Jēkabpils,Facebook
22894db3-9079-48e0-aefb-17739e06e111,Jaunā konservatīvā partija - Saldus,2022-08-16T15:23:50.997Z,60811090-8f8f-4686-85f3-028053960a1c,Oth,Latvia,lv,1914696192099467,Jaunā konservatīvā partija - Saldus,Facebook
a66c0d36-7584-47f2-9e68-0e6249461b1b,Runā Ventspils,2022-08-16T15:23:49.939Z,8c3b8861-c6dd-4d26-9e33-a7966e78d854,ZZS,Latvia,lv,1281304345252123,Runā Ventspils,Facebook
6b4c98f5-4436-49ef-af06-67e5474d72a1,"""Nacionālā Apvienība Salaspils nodaļa""",2022-08-16T15:23:50.141Z,02f4d0f1-8ec6-4df7-91c2-a506108e1239,NA,Latvia,lv,198459703622651,"""Nacionālā Apvienība Salaspils nodaļa""",Facebook
a92e8638-17f5-4710-9dcc-ace61caf5aec,Nacionālā apvienība/LZS Iecavas novads,2022-08-16T15:23:50.360Z,012c7eca-9bb9-4c6c-8d0d-2a106b25c0f6,NA,Latvia,lv,774549419385679,Nacionālā apvienība/LZS Iecavas novads,Facebook
321b28dc-2053-41d2-af7c-6778d3eb5552,Nacionālā apvienība - Amatas novads,2022-08-16T15:23:50.497Z,e0a82aca-1f1c-4f09-8e1a-9f6161657cd9,NA,Latvia,lv,295509650880265,Nacionālā apvienība - Amatas novads,Facebook
23df143d-6155-4dbf-9b7f-53c65c5916ae,Roberts Zīle,2022-08-16T15:23:50.624Z,345bc65b-6f1c-489c-8df7-855a3c8d16b9,NA,Latvia,lv,508959865842254,Roberts Zīle,Facebook
d175dfe6-cf05-443a-8c59-a28656939daf,Vidzemes Partija/Latvijas Reģionu Apvienība,2022-08-16T15:23:50.748Z,475095a8-4c25-4637-8a15-e69e3c6cc74e,AS,Latvia,lv,631509563720209,Vidzemes Partija/Latvijas Reģionu Apvienība,Facebook
b3a67ad5-19f3-479a-a6c1-231fc976c581,Gods kalpot mūsu Latvijai Baldones nodaļa,2022-08-16T15:23:51.120Z,6aed8854-2e1a-464b-9b2b-842d7c2e2469,Oth,Latvia,lv,467684693569044,Gods kalpot mūsu Latvijai Baldones nodaļa,Facebook
91c05c6b-3770-439f-8c73-93bcc0bc0264,Gods kalpot mūsu Latvijai Liepājas nodaļa,2022-08-16T15:23:51.211Z,afcafcc4-f607-465d-8573-e5a02cd4c9ad,Oth,Latvia,lv,1643967832284259,Gods kalpot mūsu Latvijai Liepājas nodaļa,Facebook
21f246b3-9220-4e41-b535-dcb8dd0b22c1,Kaspars Ģirģens KPV LV,2022-08-16T15:23:51.277Z,f229cdc4-da70-456e-81bb-2bb34031e697,Oth,Latvia,lv,773797506103713,Kaspars Ģirģens KPV LV,Facebook
e13574aa-b917-4706-bdb1-4c23bc270363,Latvijas attīstībai Rēzeknes nodaļa,2022-08-16T15:23:51.371Z,c19b59bf-d70e-4273-8ec3-4dee1e1adb2b,Oth,Latvia,lv,1981148875484824,Latvijas attīstībai Rēzeknes nodaļa,Facebook
abd9deb2-99f6-43da-9a76-7a43e064642c,No sirds Latvijai Gulbenes nodaļa,2022-08-16T15:23:51.503Z,4d9ecb75-db4a-4d3e-9815-024a5ea7a75f,Oth,Latvia,lv,280309345737834,No sirds Latvijai Gulbenes nodaļa,Facebook
02413ded-7bfa-412d-9c1f-0bd23d470b9e,No Sirds Latvijai Jēkabpils nodaļa,2022-08-16T15:23:51.623Z,d551a8dc-4fb4-4ba8-833e-78b9d66c1032,Oth,Latvia,lv,763254803870415,No Sirds Latvijai Jēkabpils nodaļa,Facebook
875a497c-04b0-413e-a89f-0b7aa72a7cc8,Jaunā konservatīvā partija - Balvi,2022-08-16T15:23:50.872Z,0923e683-0e8b-4f57-bc10-fdd14dc2bd23,Oth,Latvia,lv,214404992468220,Jaunā konservatīvā partija - Balvi,Facebook
f14d7748-8d7c-4c19-a240-56ab44d507d6,JKP Kurzeme,2022-08-16T15:23:50.997Z,36175b65-a92f-4780-8b11-b6cf08828cad,Oth,Latvia,lv,515829431874969,JKP Kurzeme,Facebook
fc597265-86c4-4fc7-a7aa-02ff41290469,Es mīlu Latviju,2022-08-16T15:23:49.941Z,61634191-14cc-4616-b7be-12e6e3818ca7,ZZS,Latvia,lv,826022214200694,Es mīlu Latviju,Facebook
23bf242c-ef56-434b-a8d7-56d111a4bfde,Nacionālā Apvienība Kurzemē,2022-08-16T15:23:50.141Z,acc61540-0ce0-4bec-87b2-660d802b2e9f,NA,Latvia,lv,986731358054159,Nacionālā Apvienība Kurzemē,Facebook
0eb6ca28-1f43-4ae2-9907-9ec97aed1265,Nacionālā Apvienība Cēsu nodaļa,2022-08-16T15:23:50.360Z,5322b53e-33b0-49ee-9d1c-083340ea39a7,NA,Latvia,lv,515700758603114,Nacionālā Apvienība Cēsu nodaļa,Facebook
fc5f1580-4b9a-4cd6-8124-a3803c413c5d,Nacionālā apvienība Brocēnu grupa,2022-08-16T15:23:50.497Z,406e4bf0-9668-4b19-88a2-91d97a38b956,NA,Latvia,lv,1547043825325231,Nacionālā apvienība Brocēnu grupa,Facebook
3c8a4841-0bc2-4db1-a234-565e0e609e1e,Eduards Jurķelis NR 39 Nacionālā apvienība Vl-Tb/lnnk,2022-08-16T15:23:50.624Z,9c7f6edd-fb17-4910-80b9-e57af25911aa,AS,Latvia,lv,2094498354110569,Eduards Jurķelis NR 39 Nacionālā apvienība Vl-Tb/lnnk,Facebook
3d185c32-29a0-4bae-8d01-6df9f134dabe,Gods kalpot mūsu Latvijai Mārupes nodaļa,2022-08-16T15:23:51.126Z,05555b64-8b0f-45ab-9abc-874d14bf1e03,Oth,Latvia,lv,142713609601942,Gods kalpot mūsu Latvijai Mārupes nodaļa,Facebook
965b5e7f-d28c-467e-b730-0937e135278c,Gods kalpot mūsu Latvijai Olaines nodaļa,2022-08-16T15:23:51.161Z,5c362c74-fd2f-42d5-9e29-d3191b3cd026,Oth,Latvia,lv,128371883987745,Gods kalpot mūsu Latvijai Olaines nodaļa,Facebook
904c67a4-a1fc-4692-b0b4-a72e58609d0d,KPV LV Jelgava,2022-08-16T15:23:51.332Z,764f969e-bee1-40d9-919d-05d86a7b42f7,Oth,Latvia,lv,426383411070916,KPV LV Jelgava,Facebook
893309e9-f854-4436-9118-4e3c3a721aa0,Latvijas attīstībai Jaunatnes nodaļa,2022-08-16T15:23:51.375Z,e651b21f-b9b7-4756-8edd-e2dca0c4a33d,Oth,Latvia,lv,263943190472416,Latvijas attīstībai Jaunatnes nodaļa,Facebook
aac91056-d2dc-45f8-a8ca-75b43f570ea8,No sirds Latvijai Tukuma nodaļa,2022-08-16T15:23:51.505Z,f92110fc-7c53-4e10-932e-75bcf4fd5074,Oth,Latvia,lv,613688122160819,No sirds Latvijai Tukuma nodaļa,Facebook
89c70daa-66b9-43f4-bb29-72983bdbe76a,No sirds Latvijai Īrijas nodaļa,2022-08-16T15:23:51.640Z,4c277cd7-4ebe-4c77-87dc-17400fd591ef,Oth,Latvia,lv,284468108678336,No sirds Latvijai Īrijas nodaļa,Facebook
efbe6a48-1783-4019-ae39-92d9fa690025,Jānis Bordāns,2022-08-16T15:23:50.751Z,034f00c7-977c-44aa-a8ac-a67695cd2d82,Oth,Latvia,lv,267323527070904,Jānis Bordāns,Facebook
367056cb-e159-42a5-ac78-16fe4745f4c9,Jaunā konservatīvā partija - Mārupe,2022-08-16T15:23:50.876Z,c0ea6aee-81d4-47cb-bebd-130fab63a1f1,Oth,Latvia,lv,178285856080664,Jaunā konservatīvā partija - Mārupe,Facebook
6c8c64af-7007-4fed-b9ed-2ccb35d5caa4,Jaunā konservatīvā partija - Dobele,2022-08-16T15:23:51.003Z,95a4cbb9-e9d5-436b-add0-8fa5c48b8be0,Oth,Latvia,lv,221692838585824,Jaunā konservatīvā partija - Dobele,Facebook
7345ec62-c644-4ce1-8b26-422551aa9d94,Labās Ziņas,2022-08-16T15:23:49.943Z,313c9343-7e1d-4463-80c8-ecc03ed32666,ZZS,Latvia,lv,399535103529456,Labās Ziņas,Facebook
61e453f3-c6c2-495f-ae26-59ec6fe7b4e0,Nacionālā apvienība Latgalē,2022-08-16T15:23:50.256Z,6fde8b4e-3b26-416b-8ed6-8b93d590eab4,NA,Latvia,lv,439366566155619,Nacionālā apvienība Latgalē,Facebook
4c2bfa87-9c81-48f7-9537-4698dbbe5540,Nacionālā apvienība Vidzeme,2022-08-16T15:23:50.430Z,6e78d9c5-08fb-4ae4-b28b-c2642e4dbafc,NA,Latvia,lv,1450569515194160,Nacionālā apvienība Vidzeme,Facebook
633860bf-f119-4b7d-9637-7a05d8e01b2b,Nacionālā Apvienība Krustpils jaunieši - Krustpils jauniešu nodaļa.,2022-08-16T15:23:50.551Z,b616ff32-be3f-4039-a942-c91150f8e4cd,NA,Latvia,lv,362645260526688,Nacionālā Apvienība Krustpils jaunieši - Krustpils jauniešu nodaļa.,Facebook
b5c1d3d6-242d-4760-a0cb-8219d4cd81e0,Latvijas Reģionu apvienība Mārupes nodaļa,2022-08-16T15:23:50.704Z,7dc227bd-10d8-4dff-adf1-ae16206c6d1e,AS,Latvia,lv,424710574542997,Latvijas Reģionu apvienība Mārupes nodaļa,Facebook
ccd7f14a-c676-4e53-8cd0-bfa4e2319e53,"Artus, mēs esam ar tevi",2022-08-16T15:23:51.109Z,13c32afc-52dd-429f-a4c0-aa04de8803c7,Oth,Latvia,lv,1459943354287808,"Artus, mēs esam ar tevi",Facebook
ef19c530-23bb-40d8-b3e2-9bb9f1765fb9,Jānis Millers,2022-08-16T15:23:51.240Z,5ee7903d-2e69-4600-ab11-96d276dc3c3c,Oth,Latvia,lv,247490639121304,Jānis Millers,Facebook
904a8cab-e42f-4947-8533-2c0f1cd0ac1d,KPV LV Burtnieki,2022-08-16T15:23:51.364Z,ee88bfe8-9d87-45d0-933b-f540b52bd987,Oth,Latvia,lv,422451178128550,KPV LV Burtnieki,Facebook
9cd55f41-c27d-45c7-8ecb-d72230b2f88d,Mārtiņš Kossovičs,2022-08-16T15:23:51.494Z,62b4e83f-5183-4238-8f5b-e49829fc4815,Oth,Latvia,lv,1950395945188571,Mārtiņš Kossovičs,Facebook
d8c35cd7-3641-42bb-9e7f-90ec7b7e5717,No sirds Latvijai Ķeguma nodaļa,2022-08-16T15:23:51.613Z,80b86f03-b836-4c1f-b229-ae17d60940f0,Oth,Latvia,lv,1825249134402527,No sirds Latvijai Ķeguma nodaļa,Facebook
3085bb46-71a2-4566-8a27-324353c49ee4,Jaunā konservatīvā partija - Valmiera,2022-08-16T15:23:50.836Z,9b5c2573-b1f7-4456-b240-38ef68038d23,Oth,Latvia,lv,909481682545110,Jaunā konservatīvā partija - Valmiera,Facebook
749abdbf-5587-4b8a-a0e3-d34b6aed51df,Jaunā konservatīvā partija - Tukums,2022-08-16T15:23:50.976Z,dc548ede-f48a-446f-b2b8-e697e07172b8,Oth,Latvia,lv,2025995327430455,Jaunā konservatīvā partija - Tukums,Facebook
e23bb96e-f8f6-4ed7-959b-0c04e80da8dd,Es mīlu Kurzemi,2022-08-16T15:23:49.873Z,bbb97441-2e15-42ee-b5d8-a6fcf0269f3a,ZZS,Latvia,lv,1479747405607857,Es mīlu Kurzemi,Facebook
0b4be512-edff-4682-a66e-46d3bf201f9b,Novados.lv,2022-08-16T15:23:50.027Z,8a84881d-d4e3-4f78-9e29-d7b9fd92b9bd,ZZS,Latvia,lv,144512259054833,Novados.lv,Facebook
28929c1b-cb3f-4aa8-bcf7-31af0e38b24d,Nacionālā Apvienība- Ķekavā,2022-08-16T15:23:50.264Z,2272e77e-64e3-415d-9f8c-bce39ca5c34d,NA,Latvia,lv,1889607427924409,Nacionālā Apvienība- Ķekavā,Facebook
99921522-eebd-49bd-8f3c-0e59411c6493,Nacionālā apvienība Stopiņu nodaļa,2022-08-16T15:23:50.429Z,8636e43f-2b72-4a1b-8fbb-0d494bf4188b,NA,Latvia,lv,1651657035053947,Nacionālā apvienība Stopiņu nodaļa,Facebook
8aa86d3b-af85-4c65-9739-8f9f6224b61f,Nacionālā apvienība Babītes novada nodaļa,2022-08-16T15:23:50.538Z,b0fd0302-a6ab-475b-85d6-1a93a7a2cc58,NA,Latvia,lv,422386674782061,Nacionālā apvienība Babītes novada nodaļa,Facebook
f435b0be-6661-4a7f-8c51-6d1a68de5a02,Latvijas Reģionu Apvienība Rīgā,2022-08-16T15:23:50.672Z,302a1705-e5a8-4dd9-a4fc-a7ad2d146993,AS,Latvia,lv,878698278918094,Latvijas Reģionu Apvienība Rīgā,Facebook
d364bccf-4c82-4f36-8df9-6ebcf33c706c,Русский союз Латвии,2022-08-16T15:23:51.042Z,b300bea3-b5e1-4995-b567-3e88f49493b4,LKS,Latvia,lv,545693602214498,Русский союз Латвии,Facebook
db581cdc-948e-4b92-94f7-3a5011611ef1,Kam pieder Valsts? - Ogre,2022-08-16T15:23:51.245Z,d0873330-03a8-4873-a5a4-95da43b49a9f,Oth,Latvia,lv,1887535061468505,Kam pieder Valsts? - Ogre,Facebook
9d88ccd6-067e-4ae8-9c67-6198fcf0b078,Mēs esam PAR,2022-08-16T15:23:51.367Z,85f713fb-750f-45e5-83b2-784390811320,Oth,Latvia,lv,1813086558946660,Mēs esam PAR,Facebook
146f6be8-95b7-47e7-bf10-2e1f2a38535f,Mārtiņš Bondars,2022-08-16T15:23:51.486Z,37129646-92bc-4a2d-a04d-1f6645ac15dd,Oth,Latvia,lv,444942502313003,Mārtiņš Bondars,Facebook
754add95-4255-4f9a-838a-ad8a2b8f7ef1,No sirds Latvijai Ķekavas novada nodaļa,2022-08-16T15:23:51.588Z,0aea20ff-5052-4593-ba34-1dcbbdb84761,Oth,Latvia,lv,1215851585209023,No sirds Latvijai Ķekavas novada nodaļa,Facebook
b8270af0-c647-4c29-b3e9-6b277e4051f0,PROGRESĪVIE,2022-08-16T15:23:51.641Z,18f09b0e-c57b-4138-87ae-44c5b5106c5c,Oth,Latvia,lv,184096511636333,PROGRESĪVIE,Facebook
103cc51b-fa1c-4b44-bf32-958ca0521ac7,Jaunā konservatīvā partija,2022-08-16T15:23:50.795Z,1db24f8f-31da-48b1-a647-526540c59f9a,Oth,Latvia,lv,595950207185585,Jaunā konservatīvā partija,Facebook
e1edafda-4fb5-480c-b864-0587f4478c7d,Jaunā konservatīvā partija - Kuldīga,2022-08-16T15:23:50.919Z,722111bf-cd9a-4c36-8695-1d8c76144f2d,Oth,Latvia,lv,815879761951744,Jaunā konservatīvā partija - Kuldīga,Facebook
e4b79bad-abd6-495d-8912-8216651b4b26,Ilze Indriksone,2023-04-02T10:55:04.174Z,28eddfc2-1d59-41b5-8c98-fef9ef7855ce,NA,Latvia,lv,371622190052683,Ilze Indriksone,Facebook
8e66b6db-d741-472c-9b86-a45d1eff055b,Artūrs Butāns,2023-03-08T16:58:01.860Z,8f99a1fc-54f2-40d7-8fe2-5fed913d8609,NA,Latvia,lv,1685967391532260,Artūrs Butāns,Facebook
ffa5ff87-3f34-49e8-b9b7-576aa5866e5d,Edvards Ratnieks,2023-03-01T10:54:50.639Z,6befc6ac-6e38-4795-a5a8-d1bad3a63d62,NA,Latvia,lv,655400601175001,Edvards Ratnieks,Facebook
eac13e62-29d9-40c7-b9fe-4bbbe3cb015d,Andrejs Pagors,2023-02-11T10:54:38.559Z,d295ac60-2b7e-40fd-8c58-f0c503d30e60,LKS,Latvia,lv,348067996243992,Andrejs Pagors,Facebook
1f0c4aa2-1799-4bcf-9257-117017fb7d30,Ilgvars Grosfogels - Jelgavas domes deputāta kandidāts,2023-05-15T06:55:15.978Z,dafd8d53-b0ce-4bff-a35d-fd35cbda22a1,NA,Latvia,lv,100284265545610,Ilgvars Grosfogels - Jelgavas domes deputāta kandidāts,Facebook
87afbb3e-b7e0-46a5-808f-a8cfadf63e4f,Jānis Vitenbergs,2023-04-07T10:55:02.297Z,4c678df5-cbfd-4685-9f37-49a2bc99a880,NA,Latvia,lv,102062354889119,Jānis Vitenbergs,Facebook
cadc9d76-5e9f-4644-9d8a-2d719f4d388f,www.ir.lv,2023-02-07T15:05:58.128Z,8f6d8add-1751-46b0-a5dc-4077331f25a0,ZZZ,Latvia,lv,103230686391678,www.ir.lv,Facebook
3e5254b5-4421-4450-a6ae-6cacbc6a0f61,TV3 Ziņas,2023-02-07T15:05:58.095Z,b71cbbcb-4cc9-4f74-9176-90f348779058,ZZZ,Latvia,lv,326333184059682,TV3 Ziņas,Facebook
af0d01e8-76e2-4b37-bab4-9213c601f936,Satori,2023-02-07T15:05:58.143Z,ac0b0911-ea49-4d20-b739-ee12da306c04,ZZZ,Latvia,lv,128048127265711,Satori,Facebook
65ae8f63-9dbe-4991-86e3-366c2cefe3fc,Trainify Latvia,2023-02-09T06:29:23.510Z,e34cdefb-ec52-4e52-a8e4-92661f3fd33e,ZZZ,Latvia,lv,105537924738100,Trainify Latvia,Facebook
2e668e22-5807-468c-ba55-b7d62c25c502,Latvijas Universitātes Biznesa inkubators,2023-02-09T06:29:23.520Z,7cbfbcf6-eb07-4790-8146-8c27459e6fb8,ZZZ,Latvia,lv,122358781266161,Latvijas Universitātes Biznesa inkubators,Facebook
ea0d1555-123d-429c-8526-09c384ca5eda,Akropole Alfa,2023-02-07T15:05:58.193Z,b4cfc545-6140-44ad-ae39-c0f82626b90e,ZZZ,Latvia,lv,130914273586704,Akropole Alfa,Facebook
bd6148c9-3965-4a8c-bb45-bedbc9b01f2b,Otkrito.lv,2023-02-09T06:29:23.543Z,b38f6670-e577-47d9-a658-1bd0ecf2d1fb,ZZZ,Latvia,lv,144800438887867,Otkrito.lv,Facebook
30020d5c-0eb1-413d-8bd4-756f60102eb3,Latvijas Samariešu apvienība,2023-03-11T10:55:12.968Z,6fcd6ef7-5cab-4528-8e1c-3ec459d5d31d,ZZZ,Latvia,lv,455850914460277,Latvijas Samariešu apvienība,Facebook
21cd55b3-9364-4c12-a248-21fbbe95b308,Elektrum,2023-03-11T10:55:12.941Z,c2a2bdfa-ccce-4814-ad48-117a1fabd4ce,ZZZ,Latvia,lv,153321011470555,Elektrum,Facebook
9e73f5e0-4163-40a8-aa20-032752c045ba,better.me.aija,2023-02-09T06:29:23.528Z,e1c000f3-a0ac-42a0-8dde-2721d3e312c4,ZZZ,Latvia,lv,106524061289315,better.me.aija,Facebook
29bf0429-646e-44d4-9aa0-d0491264b3c6,BALTA apdrošināšana,2023-03-12T10:55:10.008Z,8f2c6bdb-758f-4b2a-a226-b9247e00f7c6,ZZZ,Latvia,lv,1405260163020551,BALTA apdrošināšana,Facebook
e2895909-9e18-4bd0-976d-de4e2ebaf104,Pergalė,2023-03-12T10:55:10.008Z,fb674d24-01a8-4df1-92cc-55c204902a5b,ZZZ,Latvia,lv,1895302440726262,Pergalė,Facebook
35eabb80-8a08-417a-8365-5cabbec8df2c,Apollo.lv,2023-02-08T05:54:33.555Z,305e43e4-eaec-4af6-8e94-b2f643052855,ZZZ,Latvia,lv,158021020892930,Apollo.lv,Facebook
33728689-fa1c-4b4b-889f-c7a7a475ba7d,Ben & Jerry's,2023-03-12T10:55:10.540Z,5f3c481a-5fd7-4d97-acda-4f5edd13e460,ZZZ,Latvia,lv,1824926430963263,Ben & Jerry's,Facebook
57a54741-8817-4431-931f-c485ecd40135,SOS bērnu ciemati Latvijā,2023-03-12T10:55:10.351Z,17d7d9af-f3e1-4ed4-a3bb-97ad032dd483,ZZZ,Latvia,lv,201013056601771,SOS bērnu ciemati Latvijā,Facebook
2f268389-d993-48c9-a585-0f98c4850c61,Uzņēmēji Mieram,2023-02-09T06:29:23.527Z,7a7d3d4c-1844-44aa-8d3d-3f5a03dfb488,ZZZ,Latvia,lv,104443052190292,Uzņēmēji Mieram,Facebook
0fdd5ab3-9a72-4f1c-ab74-336f31c9725e,Hallgruppen Latvija,2023-03-12T10:55:10.548Z,ac45083b-23f1-4ea5-8148-0f9568b5c64e,ZZZ,Latvia,lv,103179019096138,Hallgruppen Latvija,Facebook
1a335e30-a018-4218-a350-708ec7e0ba43,Bez Tabu,2023-02-08T05:54:33.551Z,4d540fc2-a90a-428c-875f-7e5b4e083808,ZZZ,Latvia,lv,1545606205726717,Bez Tabu,Facebook
b2b3237d-4ddf-4346-ba3a-9065c4a191ee,Banka Citadele,2023-03-12T10:55:10.008Z,98c1a767-763f-4fb0-9b6f-307fce9daf29,ZZZ,Latvia,lv,198598113510889,Banka Citadele,Facebook
bf815373-ef4e-4186-85f1-1255fd6b0669,VENDEN,2023-03-12T10:55:10.463Z,0ed0e765-4a10-42e3-a67f-304499e6c4ba,ZZZ,Latvia,lv,1589218464679075,VENDEN,Facebook
37014fb3-ec61-4252-ab43-cd1aafe58978,Par brīvu izvēli,2023-03-12T10:55:10.305Z,9048a6f8-c64f-42b8-8a87-279962ae4920,ZZZ,Latvia,lv,117107864634765,Par brīvu izvēli,Facebook
fa7bac2a-18d6-44a2-bcd2-78431bc5201b,ISLAH,2023-02-08T05:54:33.606Z,6578beb1-c79e-4dbb-94b2-a8d27d88e3bc,ZZZ,Latvia,lv,104274628315951,ISLAH,Facebook
e6d44059-c3f5-4586-9a4e-e91a4c821f0f,100 labi padomi,2023-03-13T10:54:54.047Z,78ec4d5e-61bc-4345-9e00-d171481ced68,ZZZ,Latvia,lv,411823819347085,100 labi padomi,Facebook
f9037d26-2e9b-4d2b-907b-983156480c82,Bolt,2023-03-13T10:54:53.973Z,ccd32bb5-b2ce-473e-9fc8-125f9e804f0a,ZZZ,Latvia,lv,336105743407063,Bolt,Facebook
e54eea95-3f75-413b-bc78-afffdb630dca,Jauns.lv,2023-02-09T06:29:23.528Z,9c52ffd5-3a45-4ad3-8c16-9d5bad14cceb,ZZZ,Latvia,lv,151387284904438,Jauns.lv,Facebook
b6e4de2a-5481-47a4-8ae0-3a7e99bd9160,hr_latvia,2023-03-13T10:54:54.007Z,6dba1307-98a0-4c87-99a1-0d4bb0933437,ZZZ,Latvia,lv,111802627974572,hr_latvia,Facebook
d217f706-9a32-43a9-8102-7a94cd33047b,Bigbank Latvija,2023-03-13T10:54:53.984Z,4c6b637c-e753-4289-a639-b5cbd52b30c0,ZZZ,Latvia,lv,120135154685598,Bigbank Latvija,Facebook
25c8166b-fa34-45f2-a552-e123d8842a2e,Mammamuntetiem.lv,2023-03-14T10:54:49.336Z,cd089e55-8618-4573-903d-73d16264c3e6,ZZZ,Latvia,lv,175871852430388,Mammamuntetiem.lv,Facebook
76c2f9e2-409a-44b2-8649-a3e6da3b2dda,Atbalsts uzņēmējiem,2023-02-10T10:54:59.652Z,992827b3-e267-4e95-948c-43a995f4e93a,ZZZ,Latvia,lv,1546798075534920,Atbalsts uzņēmējiem,Facebook
eb2f54ef-e4ca-436b-aa3c-0783e02bf4cc,Domnīca Providus / Centre for Public Policy Providus,2023-03-14T10:54:49.290Z,724e63b8-6e73-4dbd-8c6e-fd29f34152ff,ZZZ,Latvia,lv,58957764353,Domnīca Providus / Centre for Public Policy Providus,Facebook
8ccc3d65-c9c8-4e14-87f7-01b998a2f058,Vēja enerģijas asociācija,2023-02-10T10:54:59.672Z,522475a0-b7f7-4921-90df-228547c2847e,ZZZ,Latvia,lv,2246107578840730,Vēja enerģijas asociācija,Facebook
5e6c490d-ca27-448f-b8b1-1f59be2c768b,Mana Vide,2023-03-17T10:55:16.342Z,1f8f34d5-ae40-4118-92e8-7a6776361e08,ZZZ,Latvia,lv,113318660845383,Mana Vide,Facebook
637e4a63-a676-4e26-9c60-66d893d9edfd,rus.delfi.lv,2023-03-18T10:54:58.437Z,296786ab-4926-4e8d-8623-89cbe562e374,ZZZ,Latvia,lv,171908942830189,rus.delfi.lv,Facebook
4fe83f86-adb0-4c5c-a0d7-afae56894bf1,Purina Latvija,2023-02-10T10:54:59.634Z,903e7177-a6be-4ce2-90a1-a3efc894db8f,ZZZ,Latvia,lv,432674707335711,Purina Latvija,Facebook
623c1c8e-5f77-48c0-abd9-4b6a9a868357,Uponor Latvija,2023-03-19T10:54:55.388Z,08bf45a9-d838-48ac-8bf8-53369ecca3b8,ZZZ,Latvia,lv,100214421355932,Uponor Latvija,Facebook
98af6cb4-6691-4666-af4c-2da91eac926c,Bosch Latvija,2023-03-19T10:54:55.389Z,d35432bc-c961-4627-9f60-8d242616cc9c,ZZZ,Latvia,lv,237150393325648,Bosch Latvija,Facebook
c1939180-f8b4-4fb7-99f1-e5a5b0b8858b,Veronika Keris,2023-02-10T10:54:59.653Z,80687616-8aef-4364-9f42-ddcfe033bc84,ZZZ,Latvia,lv,115233084520039,Veronika Keris,Facebook
6e502dba-8f50-4b69-9045-6c64f636b640,If Tech Community,2023-03-19T10:54:55.378Z,389ff0f3-fdce-4996-88a2-d6b7216d0a76,ZZZ,Latvia,lv,104371831300779,If Tech Community,Facebook
4f07f015-4f40-413b-b95c-afa1b7c68a24,Latvijas Radio 1,2023-02-10T10:54:59.654Z,2464dbb8-816c-407e-8376-091fef855d8d,ZZZ,Latvia,lv,245252925843233,Latvijas Radio 1,Facebook
7ab3990a-3a63-4f63-9ad5-016258cb1f9b,Sun Finance,2023-03-20T10:54:58.892Z,855d4dad-7f0b-454c-8a44-d9a13030e8de,ZZZ,Latvia,lv,235840703988049,Sun Finance,Facebook
f9bad2da-9a43-4540-88a8-f35948c3f495,Holm Bank Latvia,2023-03-20T10:54:58.874Z,cf0cf012-8775-4f81-b62d-ebdf80c96e97,ZZZ,Latvia,lv,1424173154276469,Holm Bank Latvia,Facebook
c4505f95-7312-4bb4-a711-5bf60d7b4a3b,"United States Embassy - Riga, Latvia",2023-03-20T10:54:58.865Z,299bd1fc-6ef8-45af-b4e9-2cfdc1f04f41,ZZZ,Latvia,lv,70710067457,"United States Embassy - Riga, Latvia",Facebook
313338f6-7e78-4a00-8f79-49e59a486641,Krimuldas novada partija,2023-02-10T10:54:59.654Z,ed51a11e-762b-4c92-833f-4bfea712cafd,ZZZ,Latvia,lv,1596463220382490,Krimuldas novada partija,Facebook
4304eda6-d6fd-4425-8fbe-a9dba221934c,Onkoalianse,2023-02-11T10:54:38.558Z,d91d7a69-10a7-425a-bb77-6e8f74058caa,ZZZ,Latvia,lv,100814924996198,Onkoalianse,Facebook
4855a22f-a62e-481a-a46f-babc7eaea8ac,Latvijas Mobilais Telefons,2023-03-24T10:55:04.281Z,740038c0-1928-4f60-b3f3-ca58fc245c52,ZZZ,Latvia,lv,197239286963377,Latvijas Mobilais Telefons,Facebook
0069e823-1fc9-44c7-9c95-70cd1eabbcda,Eco Baltia,2023-03-24T10:55:04.314Z,7700dbcc-f0f2-45cd-be6d-3c84fc71860e,ZZZ,Latvia,lv,965515566812326,Eco Baltia,Facebook
5a0877b6-1e35-4a78-9e7c-4387c6237d32,Vidzemes lībiskā kultūrtelpa,2023-03-25T10:54:46.184Z,c43e8ace-3069-4db5-bf46-fb51a8f3dfe0,ZZZ,Latvia,lv,101978459426288,Vidzemes lībiskā kultūrtelpa,Facebook
93fc1c80-09b6-422a-abb8-49c414054651,Rietumu Banka,2023-02-11T10:54:38.551Z,c073c43e-8ab6-443d-a5df-28fb7befdaa5,ZZZ,Latvia,lv,142130372483212,Rietumu Banka,Facebook
4a35b6f2-6f9b-4e32-a1f3-1210c41acfbc,TV3 Play Latvija,2023-03-27T10:55:07.510Z,f719bc3d-b281-4184-ada1-21519e0043bf,ZZZ,Latvia,lv,646580578713705,TV3 Play Latvija,Facebook
5a24cd78-c3a2-4775-bc9d-9da23c057e49,Move Gym,2023-03-29T10:55:02.530Z,51b451cd-b95d-436e-97ce-d39e19cab760,ZZZ,Latvia,lv,208843646210683,Move Gym,Facebook
5b05ffae-2b73-4e92-990b-023cdc4abe52,Tikkurila Latvija,2023-02-11T10:54:38.560Z,24af99d4-fa40-49c4-945e-e9bfab4d5ac6,ZZZ,Latvia,lv,1480999788868646,Tikkurila Latvija,Facebook
8a9b044d-9d9a-412b-bb8c-776934415508,Swedbank Latvia,2023-03-29T10:55:02.498Z,32a869f0-d637-4263-b1d2-e7be6b072e58,ZZZ,Latvia,lv,215486111795023,Swedbank Latvia,Facebook
c64b1a80-3212-4750-9f67-9c5715912437,LIDO,2023-03-30T10:54:51.908Z,9e2d6069-9451-4c46-aa5d-a1b1351e9b2d,ZZZ,Latvia,lv,264971280293064,LIDO,Facebook
68fcb992-6f32-4b96-8115-384db74e9ef8,Etwinning Latvia,2023-04-04T10:55:11.727Z,959f83b5-4451-4eb6-b43a-db3b338e3607,ZZZ,Latvia,lv,276399472414201,Etwinning Latvia,Facebook
a1da5b9a-71d7-49b2-93e2-fb8075357ce7,Baltic Water,2023-04-05T10:54:53.043Z,c00d6c43-433c-4663-9a1f-6b0dd7c71b3a,ZZZ,Latvia,lv,105628464521453,Baltic Water,Facebook
46e24124-430c-4b79-aa90-9b5e598520b3,Alisa Leškoviča,2023-08-12T05:09:03.246Z,49bc0c9c-8217-4986-9507-547126f423e6,ZZZ,Latvia,lv,108258994420431,Alisa Leškoviča,Facebook
50e25815-e959-41b6-89e1-2b0747b655ee,bobe.me,2023-04-05T10:54:53.078Z,9cb74602-734d-457c-9578-78b59cbac711,ZZZ,Latvia,lv,322608517778314,bobe.me,Facebook
baa92ed5-57b1-4669-8c95-8c4198ad681d,Enthusiastic can,2023-04-05T10:54:53.091Z,243b5b8f-e334-4416-a5b4-68831e293bf5,ZZZ,Latvia,lv,108462072013559,Enthusiastic can,Facebook
38ac8edc-9015-44c9-8bf4-eee7ef6e3445,Pumpurs,2023-02-12T10:54:44.709Z,1ee6c154-01f8-4158-ba4f-af7bc9ab5a12,ZZZ,Latvia,lv,464540090546536,Pumpurs,Facebook
0aaaace1-4ee1-4abf-88f4-f773f5db39c2,SIA Saimnieks Serviss,2023-04-07T10:55:02.268Z,d8fa9312-9a7f-49e3-8637-cc42bfb967e8,ZZZ,Latvia,lv,116197474719910,SIA Saimnieks Serviss,Facebook
d6e8996e-4c1a-4861-b4e6-068409956153,Scania Latvia,2023-04-08T10:55:04.054Z,f617572d-b376-46bf-8006-ab0703360077,ZZZ,Latvia,lv,358230004366743,Scania Latvia,Facebook
160b5688-949a-4451-b511-aecb8055943c,Investoru Klubs,2023-02-12T10:54:44.723Z,e95d92a6-f59d-4b77-bb28-0b3c4aba5a5c,ZZZ,Latvia,lv,108861571577426,Investoru Klubs,Facebook
c200a5b4-cd78-475c-9f36-4245f7eadfa8,Kas notiek Latvijā?,2023-04-08T10:55:04.064Z,0c4dcdfe-4505-4879-8ab4-a57eae56e997,ZZZ,Latvia,lv,466671933743541,Kas notiek Latvijā?,Facebook
e1b5c2ca-088a-4fbe-973c-4ceb60d4e477,Ogres novada pilsoniskās sadarbības un attīstības biedrība,2023-04-11T10:54:46.437Z,16a2fabe-26ab-4207-b5a2-b02a8b7768c9,ZZZ,Latvia,lv,100884852847294,Ogres novada pilsoniskās sadarbības un attīstības biedrība,Facebook
72152c68-5f01-4082-89b3-f3d8fefff885,Tele2 Latvia,2023-02-13T10:55:01.370Z,06f21d63-dd71-4917-9d04-015667ba8bc1,ZZZ,Latvia,lv,121645514542989,Tele2 Latvia,Facebook
41f54b9f-da1e-4ffa-a8c1-25d080a626e5,Viasat History Latvija,2023-04-12T10:54:36.960Z,45806afd-2fa2-48a5-a4ed-acb727838dbb,ZZZ,Latvia,lv,105256228226564,Viasat History Latvija,Facebook
f2ae5542-f0d6-425f-9efc-1814c4817520,EuroPark Latvia,2023-04-17T08:08:22.726Z,de7e8a83-85dc-4ab2-8930-6dbcbf31da80,ZZZ,Latvia,lv,214685812035456,EuroPark Latvia,Facebook
89675c65-20ff-421b-8258-6b2ab678d796,skyforgerofficial,2023-04-19T06:54:53.509Z,a20f5520-b380-43f8-8971-d1b44f474c5f,ZZZ,Latvia,lv,101455479377863,skyforgerofficial,Facebook
6edfb95e-551b-4d21-b599-fd8ee502a389,Baltic-German University Liaison Office,2023-02-13T10:55:01.395Z,7a2fc948-2865-424e-99f8-43319b6f3b2b,ZZZ,Latvia,lv,1415273732053820,Baltic-German University Liaison Office,Facebook
e6cedd1b-a42b-4f76-8c83-d6f556721f79,LG Global,2023-04-23T06:54:29.667Z,f5e1ba6e-aa43-431c-89be-11be4cb8f966,ZZZ,Latvia,lv,114190158600514,LG Global,Facebook
df6b118c-94ca-4c71-aa6d-ac1a3e6ee15d,Delfi.lv,2023-02-14T10:54:57.388Z,b62e54dc-20b5-4fb3-8b5a-08be7a0bb214,ZZZ,Latvia,lv,146554932048229,Delfi.lv,Facebook
232ffd31-d1a3-4269-9f83-72264f0775ca,Celtniecība,2023-04-24T06:54:57.093Z,1033521e-f3d5-41cb-b888-da1467139904,ZZZ,Latvia,lv,100574782317039,Celtniecība,Facebook
44093800-df2a-4c7b-b30e-6e08c74bcea2,Haet Industri,2023-04-25T06:54:43.080Z,38775a38-2ca5-4f54-9def-a678e0bf9bfd,ZZZ,Latvia,lv,100732623013395,Haet Industri,Facebook
ee31d1c4-afa7-40f1-a34e-87c8ff795f5f,Nafta LV,2023-02-14T10:54:57.447Z,5ad38efc-053d-4b09-bfd7-2f3c8449b3e2,ZZZ,Latvia,lv,105469277903586,Nafta LV,Facebook
7ddb2746-0426-4dbb-b33c-0fdf7e3aba27,Mediācijas telpa,2023-04-28T06:54:42.485Z,81ccd0e6-caea-43a1-8b41-a19afc01ef72,ZZZ,Latvia,lv,230872133960983,Mediācijas telpa,Facebook
a64c563c-2b39-4906-97e8-4c5ee8e307f1,Climate Systems SIA,2023-02-15T10:54:48.079Z,3ace2228-526d-4408-8b29-bb1d1b9d642e,ZZZ,Latvia,lv,109397424651077,Climate Systems SIA,Facebook
414188af-8f11-4c96-9021-deb2ab8c5f23,Astratv.lv,2023-04-29T06:54:52.683Z,a7ba5d13-96fe-4ac7-b955-f7888d3663b8,ZZZ,Latvia,lv,110815738563842,Astratv.lv,Facebook
eef2392a-f439-4120-a606-f5f04fb0d8dd,Lviv Media Forum,2023-04-30T06:54:27.814Z,0aa9fddf-e72a-4f5a-a990-dfe53a881984,ZZZ,Latvia,lv,145271538955004,Lviv Media Forum,Facebook
a8da8a1d-3c4d-4388-870e-2e25d2d06856,ZOLT,2023-02-15T10:54:48.079Z,57dd0396-aba6-4103-a30a-7edb371b0fd8,ZZZ,Latvia,lv,101505588974345,ZOLT,Facebook
374d71c5-8fe4-41f5-acf3-ef1f2b6f9c1b,Konrad-Adenauer-Stiftung Baltic States,2023-04-30T06:54:27.836Z,2daae0b5-c80f-41a0-95f6-0e34cf83f0b8,ZZZ,Latvia,lv,343711368972535,Konrad-Adenauer-Stiftung Baltic States,Facebook
6b522f1b-1841-4101-aa56-8dad482b6ca7,Latvijas Jurisprudences speciālistu un ekspertu asociācija,2023-02-16T10:54:55.146Z,b4938df9-a2a0-4060-a294-e96c59d3fcfa,ZZZ,Latvia,lv,181680358843678,Latvijas Jurisprudences speciālistu un ekspertu asociācija,Facebook
5e6cd652-1955-4a97-bf15-1c41234e551e,DPD Latvija,2023-05-01T06:54:41.431Z,6148cd5d-4e6c-49bb-a273-68c97172851f,ZZZ,Latvia,lv,164306330380382,DPD Latvija,Facebook
8b087d06-9818-4f82-99da-7fc9126fc551,Latvijas valsts meži,2023-05-01T06:54:41.383Z,83d366f7-2626-432d-be0d-432321d02c3f,ZZZ,Latvia,lv,101453350459868,Latvijas valsts meži,Facebook
e61a5d28-4498-47db-a99b-34d1a2cc80df,Latvijas Investīciju un attīstības aģentūra - LIAA,2023-02-17T10:54:46.092Z,47a3a4d8-3254-4f1d-a785-e713bb47f832,ZZZ,Latvia,lv,156377917851872,Latvijas Investīciju un attīstības aģentūra - LIAA,Facebook
dbdd32e4-fda2-4e66-bbb5-685b7868fdf4,Bite Latvija,2023-05-04T06:54:24.317Z,7a21b973-4b51-430c-bcc4-df26d6d47350,ZZZ,Latvia,lv,195217260510825,Bite Latvija,Facebook
ca0e1aef-65ac-4f45-89cc-1587821eee77,R Media,2023-05-05T06:54:22.152Z,a8031991-a1dd-4ff6-a3bb-6a1984e32219,ZZZ,Latvia,lv,103599614502323,R Media,Facebook
e56a2d7c-31e6-47b0-8803-7a29c04ccb08,Rīgā mācās,2023-02-17T10:54:46.103Z,54783077-77ec-454f-aaab-9abd2a780efa,ZZZ,Latvia,lv,1433577473528159,Rīgā mācās,Facebook
6c17b591-0de5-49f0-947c-7b9ab457d729,Tobesalted,2023-05-07T06:54:10.344Z,88d27785-bdbc-46c6-a22d-09fa6361e335,ZZZ,Latvia,lv,326886484128195,Tobesalted,Facebook
a319c8fd-2a4e-4878-be83-9863e496d068,Fonds atvērtai sabiedrībai DOTS,2023-05-07T06:54:10.306Z,e87b98a7-1722-4813-b060-da773e0f419e,ZZZ,Latvia,lv,721651617910329,Fonds atvērtai sabiedrībai DOTS,Facebook
cf609cee-6060-46fe-bb80-e2462ebc5535,Vides aizsardzības un reģionālās attīstības ministrija,2023-02-17T10:54:46.101Z,fabb9f79-f294-4f42-8494-41bf421701c7,ZZZ,Latvia,lv,831485113704995,Vides aizsardzības un reģionālās attīstības ministrija,Facebook
f7a3eda1-505f-4b0d-8993-c71b35104eaf,Wellpert.lv,2023-05-07T06:54:10.318Z,ceb142aa-17e9-40da-b1e9-fc14e9acc207,ZZZ,Latvia,lv,103606185751282,Wellpert.lv,Facebook
72a54d3a-0eb8-4cdf-a4f8-852224be7616,Ansis Pūpols,2023-02-14T10:54:57.389Z,9dd22c1d-04d5-4b7a-9e28-8cbc283bf845,ZZZ,Latvia,lv,534110743707105,Ansis Pūpols,Facebook
c2e1eabc-35b3-400f-a32a-4e9967d20a0e,"Club ""The House""",2023-09-10T05:08:17.431Z,707211ac-ce4a-4afc-871d-6a1657c9fef0,ZZZ,Latvia,lv,167317196634759,"Club ""The House""",Facebook
f37d05cc-8307-4354-83a0-d0a0aa7b4229,BMW Latvija,2023-05-09T06:54:42.920Z,bf4ab98c-78ee-4f96-82d4-3b75ff913c20,ZZZ,Latvia,lv,167344866635845,BMW Latvija,Facebook
125b4f85-a46e-44d1-87ab-74e586373fa5,Latvija News,2023-02-19T10:55:09.465Z,f2ce0f7e-adae-4c2c-ac99-8a5cb94d03b1,ZZZ,Latvia,lv,103333786019390,Latvija News,Facebook
7235330a-1dc1-4dbf-b16e-2828bfaef9b8,Dreebgabal,2023-05-10T06:55:20.343Z,101ffa8a-c84f-4838-9637-f35f2a78ca43,ZZZ,Latvia,lv,103251069218265,Dreebgabal,Facebook
e99802f1-3f95-4c61-a1ae-c47a6bfc3682,M/Darbnīca,2023-05-10T06:55:20.345Z,3d1677d3-1b8a-477c-9b92-dd7b5e8734c2,ZZZ,Latvia,lv,100856638457310,M/Darbnīca,Facebook
87a3c3ab-6a57-418d-b7e5-03ae2da7a535,Museum of the Occupation of Latvia,2023-02-19T10:55:09.478Z,163a8f51-fb3c-435c-96d4-1122af4f3a4f,ZZZ,Latvia,lv,240654559279568,Museum of the Occupation of Latvia,Facebook
c84593d5-67d7-49f7-8f39-1b1ccd408758,Sadales tīkls,2023-05-11T06:55:03.759Z,905c1d66-ff2d-4c77-a525-4b257b1df67a,ZZZ,Latvia,lv,647142032005439,Sadales tīkls,Facebook
40c25087-74ef-4660-bfa5-c97ff0bc8724,IKEA,2023-05-14T06:55:13.510Z,b1a46188-5c57-4d9a-ab83-7d652f68de2f,ZZZ,Latvia,lv,312475149284958,IKEA,Facebook
b9736289-19fa-4901-be34-ca17a979458d,Latvian Designers' Society,2023-02-19T10:55:09.483Z,4371cec9-6f93-41f4-ba1c-a38a6134a6e8,ZZZ,Latvia,lv,319360331461942,Latvian Designers' Society,Facebook
22f0048d-3ce3-4cd3-bc2c-8b2879981289,BUTS Jelgavas filiāle,2023-05-15T06:55:15.990Z,7ae3e538-10f7-40df-be35-bd43def5648b,ZZZ,Latvia,lv,107921704283844,BUTS Jelgavas filiāle,Facebook
372ae533-b1e5-4138-97b0-37296c53e466,Embassy of Ireland in Latvia,2023-05-16T06:55:03.661Z,6083fa8b-e4ab-4c32-bb4a-cc21562bd026,ZZZ,Latvia,lv,588711471275813,Embassy of Ireland in Latvia,Facebook
cf8de255-2f17-4fda-8034-d7512b6df97f,"Tālmācības vidusskola ""Rīgas Komercskola""",2023-02-19T10:55:09.490Z,170d2275-b547-42e9-830c-2a3b9b6c6bb7,ZZZ,Latvia,lv,1438648389709225,"Tālmācības vidusskola ""Rīgas Komercskola""",Facebook
d10763ac-e70e-4c4e-b089-21a23ed678cb,Dana Kugaudo Talent Studio,2023-05-18T06:55:16.028Z,7966ce97-62ba-4558-9e75-ae813810bd64,ZZZ,Latvia,lv,161241157262294,Dana Kugaudo Talent Studio,Facebook
016c6806-0bb1-42e8-b59b-b61a20f19cdf,Sorainen,2023-05-02T06:54:55.621Z,5f092623-f88b-412d-bdf4-3ba6163825df,ZZZ,Latvia,lv,169123759788497,Sorainen,Facebook
29f3b220-4927-40ab-bfe9-d62b1399a474,Pastaiga,2023-02-19T10:55:09.488Z,6b9b5f47-135b-4936-8bdf-d1e7c08211c5,ZZZ,Latvia,lv,234450799902197,Pastaiga,Facebook
297939ea-b248-40a3-894f-9550e6b784ea,Ventspils ekonomika,2023-05-10T06:55:20.333Z,54685aba-75e2-4816-ba1d-157f994be4ed,ZZZ,Latvia,lv,291129034856410,Ventspils ekonomika,Facebook
c88b4526-3a65-46e7-8644-d04f2eb5773b,Sievietesveseliba.lv,2023-05-15T06:55:15.980Z,899bb2a2-eff0-4936-a741-1225cb0f31b2,ZZZ,Latvia,lv,105552721570619,Sievietesveseliba.lv,Facebook
952477b2-f42a-4a60-847a-e91f33a4d684,Latvijas ukraiņu konfederācija ВiЧЕ,2023-02-19T10:55:09.479Z,d377f6d2-bafe-48c0-9697-fc5bbc67a106,ZZZ,Latvia,lv,104250035915204,Latvijas ukraiņu konfederācija ВiЧЕ,Facebook
c99e8804-39ec-40fc-a18d-fab6a72f85f2,Tikaisievietem.lv,2023-05-17T06:54:28.146Z,022583d7-ebf4-49cb-96bc-c2ce8522f1d3,ZZZ,Latvia,lv,438673392879549,Tikaisievietem.lv,Facebook
eea8f398-8f94-4c5b-8898-212288cec2ae,BASF Agricultural Solutions,2023-05-16T06:55:03.666Z,8a334845-5d8b-4109-8b47-f6545bea2bf6,ZZZ,Latvia,lv,2067715410130026,BASF Agricultural Solutions,Facebook
8d3795b1-d305-4b06-8b0b-5bf9ea6b0ec4,DB Schenker Latvia,2023-02-19T10:55:09.477Z,68a25e47-1e93-4c5f-964f-9b60a57d063a,ZZZ,Latvia,lv,1379143345747397,DB Schenker Latvia,Facebook
a2d0966e-af4a-40d5-9873-b70cfaa009c5,bouwartlv,2023-05-16T06:55:03.658Z,daaf71ac-e8cb-49f9-9f55-eb4d76d5fb19,ZZZ,Latvia,lv,109085371969767,bouwartlv,Facebook
b63e09d3-cb83-4616-ae0f-59869d412770,Valmieras drāmas teātris,2023-05-16T06:55:03.659Z,ac5c1105-3264-4e03-9248-4313088ad207,ZZZ,Latvia,lv,437043773019794,Valmieras drāmas teātris,Facebook
b6ea8a05-62b9-4252-8a3f-e90deceb26f6,Žurnāls KLUBS,2023-02-20T10:54:56.620Z,81635959-8857-4b32-b0a3-a75a3c1f9970,ZZZ,Latvia,lv,81768652380,Žurnāls KLUBS,Facebook
f2eee13b-df74-4b02-a656-3a494ed35c8e,Kaņepes Kultūras centrs,2023-03-26T10:54:48.693Z,b0069a2a-ffa0-4620-a3f5-1478c9de493f,ZZZ,Latvia,lv,145787292176494,Kaņepes Kultūras centrs,Facebook
6cb39f05-a409-4359-963d-a80ce00c5ec7,Beztabakas Produktu Asociācija,2023-02-20T10:54:56.618Z,3c5effa2-2b63-4e2d-aff4-b3a881e53079,ZZZ,Latvia,lv,103012415569571,Beztabakas Produktu Asociācija,Facebook
3fb803fd-bfc1-4fd5-90ee-89003c7faf6b,2Annas ISFF,2023-04-02T10:55:04.029Z,9565945f-74a4-46ec-b195-3a17ab2c451c,ZZZ,Latvia,lv,103592493041293,2Annas ISFF,Facebook
303041b3-cd81-4198-ae94-33b221082f07,FIZMIX,2023-04-17T08:08:22.728Z,35c157a4-a4dc-4b31-ae7e-2f8b7ba0dde3,ZZZ,Latvia,lv,456611334357470,FIZMIX,Facebook
7f93c26a-b6e2-4003-9c9a-f9367a257841,Go3 Latvija,2023-02-21T10:54:50.370Z,8f34b7bc-b9ee-47c3-ba8a-649fd1335677,ZZZ,Latvia,lv,1561715644137235,Go3 Latvija,Facebook
085683b7-9b3a-43f0-9698-aa3380785432,TV3 Life,2023-04-17T08:08:22.771Z,f85a6541-2b16-4503-aa8c-2cd805739612,ZZZ,Latvia,lv,109317067173806,TV3 Life,Facebook
22042e9a-6869-495a-8970-07a411813b4f,Mistrus Media,2023-04-28T06:54:42.469Z,4411ccab-69f3-4a1a-b944-922231527d7d,ZZZ,Latvia,lv,164802367002294,Mistrus Media,Facebook
f630898c-1bf0-49f1-abf9-54cc5879c661,Sarunu festivāls LAMPA,2023-04-28T06:54:42.488Z,fd9104c5-9eb2-4ce9-ba2b-a17937a3ae11,ZZZ,Latvia,lv,987857981232902,Sarunu festivāls LAMPA,Facebook
99a2ca71-5dec-4561-b644-b89e10544f65,"Koncertzāle ""Cēsis""/Cēsis Concert Hall",2023-02-21T10:54:50.371Z,2a1c4cdb-ff18-4209-88ad-982156dd242e,ZZZ,Latvia,lv,489395117824306,"Koncertzāle ""Cēsis""/Cēsis Concert Hall",Facebook
5cb1c7fb-f959-463f-a5b2-6fdb58d73f16,Latvijas Brīvo arodbiedrību savienība,2023-04-28T06:54:42.472Z,a459dc2e-dbf5-4f7a-be48-9e39996bddd5,ZZZ,Latvia,lv,193571210663843,Latvijas Brīvo arodbiedrību savienība,Facebook
3b4a02ec-7f4f-4889-b093-424f3a5cacdf,Lielās patiesības,2023-02-26T10:55:04.814Z,bf5e60bf-e9be-4e4f-8a95-6ce7b4a7c461,ZZZ,Latvia,lv,902468263127160,Lielās patiesības,Facebook
122fee3f-40c3-490b-ba88-6fcca97f8a01,Akropole Rīga,2023-02-21T10:54:50.381Z,9262423c-569c-4d49-9a56-5e2f0fbc3a56,ZZZ,Latvia,lv,1994786700759568,Akropole Rīga,Facebook
7c44e93a-3bbc-4543-ac78-abe325e63268,,2023-02-17T10:54:46.119Z,73954c7b-983f-41aa-bde9-d1b55bc5b1a7,ZZZ,Latvia,lv,100705016290350,,Facebook
d576e533-4e5c-4f95-8fa7-7243b88b52ff,Garden Gourmet Latvija,2024-01-07T05:07:48.381Z,784dffdd-a7fa-4107-b79e-d69072a01ea2,ZZZ,Latvia,lv,104595782133805,Garden Gourmet Latvija,Facebook
decd3e80-66ea-4941-bc4c-47317145068f,lat.press.lv,2023-03-08T14:47:27.041Z,517e304c-bc63-4100-8d2e-8fb8183e97b7,ZZZ,Latvia,lv,102973244420620,lat.press.lv,Facebook
a2e1a8b0-3197-4b4b-9cb6-d08cb5721253,LSM,2023-02-22T10:55:06.327Z,72b5973f-e128-4bb7-9ad6-99268ce146ec,ZZZ,Latvia,lv,572280056136785,LSM,Facebook
32679dd4-035a-41b3-9353-7e849338efc4,Zaļā brīvība,2023-02-24T10:54:57.137Z,2deb42d8-eb08-499c-8ddb-884f341f316a,ZZZ,Latvia,lv,660016677346773,Zaļā brīvība,Facebook
2113cbb3-ff9e-4454-960d-cc00c0f524c4,tv3.lv,2023-02-24T10:54:57.146Z,e88ad399-e704-4c43-a077-233f9ea048b8,ZZZ,Latvia,lv,246477898857961,tv3.lv,Facebook
467825a1-2593-4d73-9565-eb179e5cd253,Tetra Pak Latvija,2023-02-24T10:54:57.146Z,bde6be07-fba2-4b61-b2c8-85c080be3a4f,ZZZ,Latvia,lv,1768701706674673,Tetra Pak Latvija,Facebook
351cbb80-ecab-469b-bba7-7bd437fd3787,CleanLiving.lv,2023-02-25T10:54:59.856Z,7d212de1-edad-4131-97e5-e3c71fc075d3,ZZZ,Latvia,lv,1854316331475646,CleanLiving.lv,Facebook
06ad1dfb-b55d-40cb-a288-24ce53441940,Ignitis Latvija,2023-02-25T10:54:59.830Z,71c2b85f-a1cf-4d5d-b920-eec2c0192296,ZZZ,Latvia,lv,107444273948007,Ignitis Latvija,Facebook
2598853c-9796-42c8-9653-87af836d7beb,Galag - საქართველოს ადგილობრივი განვითარების ჯგუფების ასოციაცია,2023-02-25T10:54:59.838Z,66d3161d-dda0-4904-9db2-6ad8ad2a0ec3,ZZZ,Latvia,lv,104906811504643,Galag - საქართველოს ადგილობრივი განვითარების ჯგუფების ასოციაცია,Facebook
dc60aa31-2325-470b-8f39-5e9c6af5ccc8,Sports - tv3.lv,2023-02-25T10:54:59.856Z,b9be0fde-cf4f-4d0e-ad12-55f7fb6f7882,ZZZ,Latvia,lv,1686465908254495,Sports - tv3.lv,Facebook
48fd0625-58c2-47d6-a74a-1d7f6abfce41,Ģimenes studija,2023-02-25T10:54:59.846Z,3d8147da-5c90-4965-8907-6571df3e7fcf,ZZZ,Latvia,lv,270474076412955,Ģimenes studija,Facebook
468cf05a-fd21-4bfb-b0ff-b5a6cd0c9474,Gribu palīdzēt bēgļiem,2023-02-25T10:54:59.830Z,b975798b-3b30-423a-8cdd-c8b68ffd4aca,ZZZ,Latvia,lv,100203821713882,Gribu palīdzēt bēgļiem,Facebook
4451d653-3c0d-4ca9-b9ca-c5a17d04ee3a,Bufete,2023-02-26T10:55:04.725Z,914a01c7-bab0-4dbf-bb8f-e28cbad07d73,ZZZ,Latvia,lv,111555920384785,Bufete,Facebook
c993e937-6f29-4fc7-84a9-40d0391d35b5,Eiropas Komisijas pārstāvniecība Latvijā,2023-02-26T10:55:04.752Z,fd510e9e-5236-4148-bd56-7c556b1298a8,ZZZ,Latvia,lv,185497885323119,Eiropas Komisijas pārstāvniecība Latvijā,Facebook
ab44003a-2fc9-4c6b-ac1f-ac7dfbc1d334,Latvijas Banka,2023-02-27T10:54:57.685Z,5d762a20-03b6-4e01-b34f-e7b0c9481ed5,ZZZ,Latvia,lv,813512572019394,Latvijas Banka,Facebook
2a0a0eec-355d-42d3-b83c-c47144fbde0d,FonoKlubs,2023-02-27T10:54:57.700Z,5eb85621-f375-4953-a15a-72d4b49d6050,ZZZ,Latvia,lv,136983889678432,FonoKlubs,Facebook
b04c4477-88f6-40bc-a26e-7f8773de0172,"Izdevniecība ""Sapņu spalva""",2023-02-28T10:55:05.080Z,ba394a09-d452-4933-aeaa-1827a7291d95,ZZZ,Latvia,lv,1753143304905303,"Izdevniecība ""Sapņu spalva""",Facebook
4b47e30e-d575-4d3a-83cb-68d3d02969e6,Force Lex,2023-02-28T10:55:05.093Z,42910196-4a8c-4fc9-9575-9c8e336c1bae,ZZZ,Latvia,lv,1165600753584976,Force Lex,Facebook
33a07c83-68fb-40d9-9832-75a7cb189b98,Chayka.lv Daugavpils,2023-02-28T10:55:05.052Z,0580dd02-0b00-48f6-89f9-51582a5f37f1,ZZZ,Latvia,lv,284661295478684,Chayka.lv Daugavpils,Facebook
d3ff3c5a-2f73-4854-89bd-96bb479beb6e,Mols,2023-02-28T10:55:05.144Z,c3c8d15c-8a7b-462d-b1de-b52995469ec0,ZZZ,Latvia,lv,420211774681280,Mols,Facebook
c92cab67-0dfa-4830-b8b0-9a88f9329acf,Latvian Institute of International Affairs,2023-03-01T10:54:50.662Z,0363c6b7-2df4-4fc9-8128-b63f783e9c21,ZZZ,Latvia,lv,106505309437949,Latvian Institute of International Affairs,Facebook
759a3530-9a37-4efa-aed8-76de69590719,Katrina Gupalo Music,2023-03-01T10:54:50.674Z,f19daa09-af38-4f04-ba24-99b5e3f104df,ZZZ,Latvia,lv,717239648296208,Katrina Gupalo Music,Facebook
2b0afd00-7363-48cd-8971-e376cbc77bb2,Caffeine LV,2023-03-03T10:54:55.336Z,55babb7c-8255-4534-8a9a-ea4adf311ff0,ZZZ,Latvia,lv,116364101739162,Caffeine LV,Facebook
96ecb83c-6470-41ce-aca9-b0e4dfab45f6,Vadītāju konference EBIT,2023-03-03T10:54:55.368Z,96632a7a-c419-4386-81ab-f2ceae2befe8,ZZZ,Latvia,lv,216953801826869,Vadītāju konference EBIT,Facebook
ed034b53-f327-463c-93a0-ba1caaf5bad9,SEB Latvija,2023-03-04T10:55:04.783Z,b48f38c2-5637-419c-9ee8-c3db4babcec2,ZZZ,Latvia,lv,357025627668875,SEB Latvija,Facebook
92482950-21ee-4da7-bd9a-b32a3f2887b0,Rīko,2023-03-04T10:55:04.778Z,5a589ec2-3965-4c1a-adb3-3b96051dd28e,ZZZ,Latvia,lv,109420981921197,Rīko,Facebook
1ab75a25-646f-4e3e-bebc-3b28970c12e6,Lidl Latvija,2023-03-05T10:55:05.762Z,993ba927-c450-4df2-af64-594a3ec0b526,ZZZ,Latvia,lv,100972558200223,Lidl Latvija,Facebook
05ce371a-3262-4f7c-9d54-cb12c61dcf5a,Eco Baltia VIDE,2023-03-05T10:55:05.942Z,9a8b3619-df41-4b02-b2a0-a83b400bb593,ZZZ,Latvia,lv,339134506206246,Eco Baltia VIDE,Facebook
aaf644ea-d23d-4248-b3d1-1c72514adc01,Biuro LV,2023-03-05T10:55:05.906Z,684f114a-429a-428d-b995-ce7ba9210a31,ZZZ,Latvia,lv,272894366183505,Biuro LV,Facebook
4ceeb1d9-f4f8-4d69-936d-9d21ed0d3122,Pasaules Dabas Fonds,2023-03-06T10:54:57.060Z,d1194e42-fade-4a2d-8977-e82495941656,ZZZ,Latvia,lv,484893705093,Pasaules Dabas Fonds,Facebook
aae573af-e060-47ca-9742-796b4b3885fe,Gutta Latvija,2023-03-06T10:54:57.059Z,ad2f2aef-616c-451d-b5b1-0612c8508347,ZZZ,Latvia,lv,112104772186930,Gutta Latvija,Facebook
b34e447c-191d-45f9-b6de-7e12a8399df9,"Bērnu kafejnīca ""Bim Bom""",2023-03-07T10:54:53.638Z,92d925ed-0f40-4eb3-aece-1aefab6c4dd7,ZZZ,Latvia,lv,587773517982780,"Bērnu kafejnīca ""Bim Bom""",Facebook
5c950c0d-f26a-4260-8a32-d554095a4110,Pats,2023-03-08T14:47:26.997Z,f7c3827a-729c-4292-b8b0-30d6c5117cb2,ZZZ,Latvia,lv,101478701200376,Pats,Facebook
c75e154a-4dc7-4be8-b9f2-d7d3e7c7c221,Press.lv,2023-03-08T14:47:27.027Z,aa6bd65f-c43a-47a0-8582-3891a0957761,ZZZ,Latvia,lv,1554765974735742,Press.lv,Facebook
03504111-872e-4b7c-9337-bf25e567fb6c,"Biedrība ""Mārupes uzņēmēji""",2023-03-08T14:47:27.040Z,09b0d5a7-4222-4623-baf1-b0940b294ed1,ZZZ,Latvia,lv,276163945753142,"Biedrība ""Mārupes uzņēmēji""",Facebook
067b0487-61ed-4d83-831f-95d106188c5c,Safe Space,2023-03-08T14:57:27.314Z,f21bae66-191a-4918-98c2-72035b39a79c,ZZZ,Latvia,lv,104151391059634,Safe Space,Facebook
48e80f76-e5dc-44c7-8a56-dc1cd9c2239c,Aizrautīgi ceļojumi kopā ar Ināru,2023-03-08T14:57:27.320Z,42882eb9-4313-4857-b5bf-916225218d55,ZZZ,Latvia,lv,107306524190185,Aizrautīgi ceļojumi kopā ar Ināru,Facebook
261957fb-eda9-4cd5-85df-587304a2fcb6,Aiga Veckalne. Pieturzīmes,2023-03-08T15:17:02.097Z,fe6c7e58-5351-4bf7-ae3b-f3279c835abc,ZZZ,Latvia,lv,576197869245894,Aiga Veckalne. Pieturzīmes,Facebook
15b0babc-366a-457a-b7a6-09e731167522,Rīga attīstās,2023-03-08T15:36:24.416Z,00308ec8-89de-4c85-affc-f3cec2005da6,ZZZ,Latvia,lv,250543688431459,Rīga attīstās,Facebook
f1a1a3f2-689f-45d0-974a-28b0f99d604c,SIA Berg Research,2023-03-08T16:47:28.739Z,71b5982a-28da-4127-bb27-2102b8444643,ZZZ,Latvia,lv,1703260266608620,SIA Berg Research,Facebook
44e3c631-d765-4e94-8cc0-257058dda9fb,Individuäls - Latvijas Dizaina E-veikals,2023-03-08T16:58:01.878Z,b19c55e3-bb8f-4e12-8162-4683aac3934e,ZZZ,Latvia,lv,106988391435377,Individuäls - Latvijas Dizaina E-veikals,Facebook
5789021e-9e5c-4948-9d4d-e9268f172a5d,LV portāls,2023-03-08T17:29:22.710Z,442a09ea-a477-40b6-b9af-ceeeddb466b8,ZZZ,Latvia,lv,205583699515137,LV portāls,Facebook
d2dd8808-16f2-47bc-bb97-ee9d4144476c,MŪKU SALA,2023-03-08T17:29:22.702Z,3b4a383a-9802-4011-bca7-8b72a771f796,ZZZ,Latvia,lv,330568973761712,MŪKU SALA,Facebook
ece738bf-f3d9-468a-890a-a33d894f2f59,riga_pishet,2023-03-08T17:50:29.594Z,a7161ba4-75f5-4ed0-8cd8-170bd8e1f717,ZZZ,Latvia,lv,102020612768761,riga_pishet,Facebook
6ed436a7-ab55-45c0-b948-8c435b3134c0,Latvijas Radio,2023-03-08T17:50:29.576Z,97f4ac9e-6e8b-4c32-9b9f-1f884c716902,ZZZ,Latvia,lv,117059818306039,Latvijas Radio,Facebook
55b2a3c9-bc84-4247-b05d-2e200250cb37,HAGBERG,2023-03-08T17:50:29.597Z,1f9770f0-ef7b-48c8-b5e4-fe22d795be84,ZZZ,Latvia,lv,1794088140685012,HAGBERG,Facebook
bbaadf98-a895-482f-8a75-621de307781b,Frantigrampe A,2023-03-08T18:01:14.662Z,f8c14e05-48d0-42f0-a777-a62fb9e3fd5f,ZZZ,Latvia,lv,110402128614318,Frantigrampe A,Facebook
52489110-2ca9-49a6-afec-6969379fe9d4,"LSEZ SIA ""DG Terminals""",2023-03-08T18:12:17.284Z,ed3cb04b-5768-4334-8bf7-f68d86bb6b91,ZZZ,Latvia,lv,437165792999915,"LSEZ SIA ""DG Terminals""",Facebook
ecbf80a1-5902-40bf-9a43-2d1db2d4e4b0,Rūpes par veselību,2023-03-08T18:33:44.319Z,97a51c9c-e16c-4c32-8553-eadf9b8f7a28,ZZZ,Latvia,lv,336124979818647,Rūpes par veselību,Facebook
bb636874-629b-4035-83ea-570806706139,fabadventures.me,2023-03-08T18:33:44.319Z,17ad9d36-c647-4222-940a-ae19230a716e,ZZZ,Latvia,lv,1757984677771805,fabadventures.me,Facebook
78241401-30fc-4869-aa52-a6bd807f7c65,ERGO,2023-03-08T18:54:52.824Z,1c362d6a-a818-4db4-b5e5-eff65846a638,ZZZ,Latvia,lv,391993894271687,ERGO,Facebook
ec1d01ec-ec5f-4d24-8dd2-ccc2c56cd790,Tavs Auto TV,2023-03-08T19:05:38.104Z,9564d175-176e-45c0-83b4-7c3caf0e485f,ZZZ,Latvia,lv,824655787673604,Tavs Auto TV,Facebook
1a341dd6-54b3-44d6-af7a-1c98b7d37186,Attractions in Amsterdam,2023-03-08T19:05:38.131Z,9e04948b-9664-4442-b9cf-c1217df6c705,ZZZ,Latvia,lv,114328404859974,Attractions in Amsterdam,Facebook
e960a048-aaf9-4dc3-9185-0e9b46ae4210,1188,2023-03-08T19:27:06.291Z,a994cf35-264a-4895-b6b9-0fd7ce99a186,ZZZ,Latvia,lv,164896526860830,1188,Facebook
59dabdc8-3666-4281-83a9-133bc29cde44,Latvenergo,2023-03-08T20:20:22.435Z,5253990d-a51f-460b-91f4-613b6decbc25,ZZZ,Latvia,lv,232616663467871,Latvenergo,Facebook
99e7646f-4845-4d21-80d4-fe66bc45f57c,MediaByte,2023-06-09T06:54:25.512Z,ae680433-e174-4c05-9d0e-ebbdbf6e1366,ZZZ,Latvia,lv,112496493598217,MediaByte,Facebook
dd11b583-b2e5-469b-9ddb-5a95a3484490,Lab Futura,2023-06-08T06:54:37.843Z,16503264-06d9-4695-9369-f99e10b47bcd,ZZZ,Latvia,lv,100354759632869,Lab Futura,Facebook
447a3c47-7ba7-45c3-9671-892c475922a0,Camp Sustem 21,2024-02-16T06:09:17.172Z,b4ade930-6c69-470c-8d28-e57e3b9c0d26,ZZZ,Latvia,lv,239797512542781,Camp Sustem 21,Facebook
e052a0f8-3fa7-4af5-ab0e-574bc706a6bd,Vides izglītības fonds (FEE Latvia),2023-11-06T06:01:33.265Z,93649f08-d0d7-4fe3-a70d-e8d69bc25fcf,ZZZ,Latvia,lv,347993745240304,Vides izglītības fonds (FEE Latvia),Facebook
457b5f92-8a65-459a-b6e2-f1923f0999dc,Latviesi.com,2023-02-07T15:05:58.159Z,a4cc3ff4-faa8-4739-980f-db642becce2d,ZZZ,Latvia,lv,104773149638126,Latviesi.com,Facebook
66fd0de5-8327-49a8-97ff-390a0e567ee3,"Izdevniecība iŽurnāli - iFinanses, iTiesības, iBizness, iAudio",2023-12-09T05:08:10.389Z,5675a384-492f-4072-be10-79682bae7302,ZZZ,Latvia,lv,128183537259923,"Izdevniecība iŽurnāli - iFinanses, iTiesības, iBizness, iAudio",Facebook
f5128b3b-d689-450f-b488-8b6345638488,Brain Games LV,2023-06-30T06:16:14.384Z,b52d9f6d-adbb-4b6e-b876-54174e45e799,ZZZ,Latvia,lv,324210666224,Brain Games LV,Facebook
c468e5df-33aa-4b2b-aa48-da3fee1e0f15,Narvesen,2023-09-17T05:08:14.989Z,3a453c83-f50a-4e29-afda-ca922d44d086,ZZZ,Latvia,lv,524923870869006,Narvesen,Facebook
d7e44da6-e855-466c-9c43-9d2b88d5614a,The NAFTA,2023-11-03T05:08:31.910Z,b4f170d4-2c82-4856-abd3-d0cadf870766,ZZZ,Latvia,lv,116856691288492,The NAFTA,Facebook
fe45cc31-5280-4895-b0fc-5aa74550c588,Aminori,2023-11-17T05:08:13.998Z,da40858a-4589-4b78-9c4d-11eecda09eda,ZZZ,Latvia,lv,1923054034477380,Aminori,Facebook
e3ad6062-4590-44f9-8982-b2e163030dfe,andrejsbreidaks,2023-11-05T06:17:40.890Z,d08562bf-5f24-49e9-b778-110097835018,ZZZ,Latvia,lv,113951134529345,andrejsbreidaks,Facebook
e8fba895-1dbc-41d4-9354-9ff9eaac1642,Atlantic Travel,2024-01-13T05:07:53.952Z,70b16321-1a4c-40b7-8990-ef8ddb8f34d8,ZZZ,Latvia,lv,175534289138573,Atlantic Travel,Facebook
53f4d9b9-df09-4be5-9d8d-09a463d7c0d2,Superzebra LV,2023-06-04T06:54:20.230Z,fc3d02c6-a280-4a68-92b2-3cf37982f4b5,ZZZ,Latvia,lv,110056064944239,Superzebra LV,Facebook
65c76b8d-5b4a-42d8-b69c-de29c7855963,Toyota Latvija,2023-10-21T05:09:03.287Z,ffb46bc2-c9d2-4141-9bb8-27ceba691223,ZZZ,Latvia,lv,140450422724637,Toyota Latvija,Facebook
ddeca861-c7bb-476c-93b8-cf85e6c8a098,Maxima,2023-12-26T05:08:05.326Z,d79912db-00df-4ddc-b2d2-03964cd97660,ZZZ,Latvia,lv,151856501494826,Maxima,Facebook
37423f0a-fb82-44e7-ad85-3351b03fece2,Ijabs Ivars,2023-02-24T10:54:57.125Z,f2714608-efd2-48bc-830f-821c5075b8a9,Par!,Latvia,lv,345347539390006,Ijabs Ivars,Facebook
660bfcd5-0b2d-4552-bc3a-7a35f051d369,Jūrmalas latvietis,2023-02-19T10:55:09.478Z,b139a3a7-df50-42ab-a531-3c237e397db8,NA,Latvia,lv,1740574699553371,Jūrmalas latvietis,Facebook
8a1f7893-7263-4d0b-9f40-3d70c9be3a03,Agita Zariņa-Stūre,2023-08-18T05:08:41.064Z,dba76de9-a1d4-4624-ac98-9a708252e868,JV,Latvia,lv,100399676267294,Agita Zariņa-Stūre,Facebook
466df337-97e9-4999-a0e3-4d4d972665f6,Nacionālā Apvienība Dienvidkurzemē,2023-04-24T06:54:57.098Z,736b1aab-52ec-4b11-8501-1f2e2cbeb407,NA,Latvia,lv,101973961586848,Nacionālā Apvienība Dienvidkurzemē,Facebook
cf44384a-72f9-4f9b-94ba-7988c417a0a6,Andris Čuda,2024-02-26T07:15:17.582Z,b0725958-b622-4da8-a13e-bc97a4f9ddb0,NA,Latvia,lv,101022199532875,Andris Čuda,Facebook
e901392a-c21a-4972-9862-826ee8b0edf5,Rihards Kols,2024-03-21T06:14:29.979Z,4cae1892-c954-457b-b680-3a54540787f8,NA,Latvia,lv,960297957323800,Rihards Kols,Facebook
465c3fcc-392a-48a3-b5f1-26e544c687a4,Andris Šuvajevs,2023-02-11T10:54:38.559Z,788b8362-4082-4f27-81f9-4e3f281af27c,Prog,Latvia,lv,117814281198583,Andris Šuvajevs,Facebook
a9c1f8d2-3017-4ec6-a400-bb94ba9f2904,Antoņina Ņenaševa,2023-02-21T10:54:50.315Z,8711c3ba-18c7-4783-8a99-9bf0b5e23980,Prog,Latvia,lv,2201010720133365,Antoņina Ņenaševa,Facebook
94c76051-8d62-46ee-8b78-9596603b935d,Liepāja PAR,2023-10-07T05:08:27.805Z,42f14e55-418f-4179-b511-9cf4c7133f33,Par!,Latvia,lv,100586851601230,Liepāja PAR,Facebook
7224ba3e-b5d8-4c0c-ad2f-e11ca6bb1592,Mārtiņš Staķis,2023-02-28T10:55:04.893Z,50f68fb7-4e88-4a01-a71b-35be2fcc5931,Prog,Latvia,lv,470923236652482,Mārtiņš Staķis,Facebook
ed802fb1-de76-42a9-9000-3fce70ab6718,Miks Celmiņš,2023-04-04T10:55:11.709Z,1bbbf910-5c63-46d1-ada3-6224e915dd17,Par!,Latvia,lv,1510481199097449,Miks Celmiņš,Facebook
3f72d2ec-48d9-418b-bc83-ba0392fa410c,Nils Ušakovs,2023-03-08T14:47:27.010Z,5e9a0533-434a-4d5a-8875-3a96e27a0e65,Sas,Latvia,lv,216716380356441,Nils Ušakovs,Facebook
f69f8edb-6f59-4707-9e41-7cc9fb55983e,Laima Geikina Rīga,2023-06-03T06:54:35.319Z,7614ffc0-55c8-47db-955b-6952043befec,Par!,Latvia,lv,756780604662679,Laima Geikina Rīga,Facebook
52da0987-e316-443b-a59b-5882b1ca1326,Justīne Panteļējeva,2023-10-24T05:08:29.268Z,20f06efc-74fc-4b56-9e0e-90788e28c003,Prog,Latvia,lv,114140760449212,Justīne Panteļējeva,Facebook
6d390ad8-b5bd-4a25-b03f-e79ea00689e3,Polonsky Family Foundation,2023-11-11T05:08:08.652Z,ed6e2cb1-480e-4b77-b8ec-262b7acbeec8,ZZZ,Latvia,lv,100620459802761,Polonsky Family Foundation,Facebook
aa9bd01b-5efd-49e4-b3db-40b9c31ee784,Kaspars Melnis,2023-11-22T05:09:49.867Z,2097b821-bc97-4594-8218-5cdc5fba6ed9,ZZS,Latvia,lv,112042608226846,Kaspars Melnis,Facebook
01f91fc0-e0b1-4796-8c25-218cc9a7c767,Progresīvie Valmieras novadā,2024-03-22T05:19:40.650Z,797615b0-7297-42bb-9928-869a72fb905b,Prog,Latvia,lv,196331166903464,Progresīvie Valmieras novadā,Facebook
b6172ae5-2b4a-4a57-aae8-498b0e2dc686,Nākotnes Smiltene - Rauna - Ape,2024-02-28T07:58:15.744Z,52b20ab7-c2af-49fa-89e4-7b7cb792bb9e,Prog,Latvia,lv,103935181361765,Nākotnes Smiltene - Rauna - Ape,Facebook
243b1583-6533-4eff-9392-54b4e2547371,Leila Rasima / Progresīvie,2023-04-05T10:54:53.052Z,cfffa275-5db7-47d9-bff7-a5afc2cd42c8,Prog,Latvia,lv,103686535436134,Leila Rasima / Progresīvie,Facebook
8863d180-2c08-445a-8157-0dd40cfe8256,Progresīvie Valkas novadā,2024-03-12T06:25:25.496Z,44b76885-9383-4221-87a3-3c997912a090,Prog,Latvia,lv,185274118010748,Progresīvie Valkas novadā,Facebook
10bd60a9-1a0e-44cb-8c02-b791d15f0f64,Kaspars Briškens,2023-11-05T06:17:40.829Z,004a4a7e-1a86-4acb-98ea-31d9af66057a,Prog,Latvia,lv,131413990063258,Kaspars Briškens,Facebook
3b792a30-71fc-4803-ae44-1771ab70508a,APVIENOTAIS SARAKSTS,2024-03-17T05:20:39.957Z,593be597-6f3a-4dbb-83a6-0c2a68d72f14,AS,Latvia,lv,106474688778241,APVIENOTAIS SARAKSTS,Facebook
d189fd9a-cd60-44f9-a7df-bd80dc86dd84,Valdis Dombrovskis,2024-03-25T05:32:45.576Z,c37d0e89-ded4-40ff-8f93-1e1b2d272d6c,JV,Latvia,lv,225580187305487,Valdis Dombrovskis,Facebook
dbc29af9-012f-4002-9591-d0fa1d4f04b8,Андрей Каменецкий  Andrejs Kameneckis,2023-04-19T06:54:53.499Z,58bb66a7-9e8f-4a00-b912-b2b088e9cd36,JV,Latvia,lv,1299030266904544,Андрей Каменецкий  Andrejs Kameneckis,Facebook
8e19efff-951f-428c-839c-5a8ad4d11166,Renārs Šķesters-Kambals,2023-02-21T10:54:50.370Z,cdde0b97-fee7-4c66-bec3-aabfff327a1a,ZZS,Latvia,lv,110769408144561,Renārs Šķesters-Kambals,Facebook
dfc6ef6e-0c74-4aa0-bc93-d3dc0614f47e,bardahldaugavpils,2023-10-22T05:08:36.289Z,fb619514-9fef-4f03-aaa9-6f4a7803c01c,ZZZ,Latvia,lv,150340768160135,bardahldaugavpils,Facebook
ee163069-8f57-49e9-b585-bcc5fb22d1f7,AVIS Latvia,2023-08-13T05:09:13.044Z,b6a4c84b-5fcc-4c21-9352-321e18376b6b,ZZZ,Latvia,lv,215968288549444,AVIS Latvia,Facebook
801c6939-a8ec-4458-9967-a975e319fb8b,Ancāns Attīstībai,2024-04-20T14:24:11.640Z,b486035c-d883-4476-b999-d10ff5ecde26,Par!,Latvia,lv,206203032578370,Ancāns Attīstībai,Facebook
aa568295-84d4-435c-b7b2-7b95f6cf7b63,nyn4evetreno,2023-12-08T06:09:57.069Z,cb95122f-b6c0-4318-99c8-a62c74b67213,ZZZ,Latvia,lv,103596805043012,nyn4evetreno,Facebook
3204e7af-432f-4134-b695-62b4f42bdb5e,Berlin Invasion,2024-04-12T06:20:48.705Z,c5bef3b5-feb5-4381-982c-c4fecb518e91,ZZZ,Latvia,lv,774509395923669,Berlin Invasion,Facebook
33c35867-77ad-4d6c-b925-c1a3a8d94528,apsara_tea_latvia,2023-07-22T05:09:07.841Z,14179316-8922-4c60-ab76-fed21bda99bd,ZZZ,Latvia,lv,101418603016735,apsara_tea_latvia,Facebook
7079d3f5-e762-4eb7-84a1-fea26aa18e66,LEDakcijas.lv specializēts LED apgaismojuma veikals/V-TAC,2024-03-03T18:05:10.518Z,048bb40f-23f3-433e-801d-3ca9b2a75d7b,ZZZ,Latvia,lv,450017145114600,LEDakcijas.lv specializēts LED apgaismojuma veikals/V-TAC,Facebook
cee41251-c87d-4255-9b2c-cbea5d12fba8,NewHealth,2023-12-11T06:41:36.900Z,cafefab0-5e13-4212-9492-c8dce0793a53,ZZZ,Latvia,lv,182062001649632,NewHealth,Facebook
f1952fc2-cb6d-4a23-a5da-ba7413f78940,lzpmarupebabite,2024-02-22T10:07:34.286Z,58ea8a2b-49d8-4f35-bf8e-456c6cb2a4d5,ZZZ,Latvia,lv,172156095991037,lzpmarupebabite,Facebook
46ede18f-0686-4739-a414-74cc8e97956b,Mākslas stacija Dubulti Art Station Dubulti,2023-11-09T05:59:10.540Z,52be9119-b401-4ff7-8a87-1a18bd9b40d1,ZZZ,Latvia,lv,1598812413729920,Mākslas stacija Dubulti Art Station Dubulti,Facebook
4eee825f-4e15-4a72-8436-6d6a84c7933b,Medicīna 22,2023-05-27T06:54:21.421Z,afe94dd7-051b-4dcf-b992-6074c34d62e6,ZZZ,Latvia,lv,106935582414958,Medicīna 22,Facebook
9183486b-a058-43c3-bc57-499de926c8ca,Liepaja Symphony Orchestra,2023-08-17T05:07:55.778Z,5eedc849-18cc-4e62-ab1f-1d2272d0337f,ZZZ,Latvia,lv,165589310152238,Liepaja Symphony Orchestra,Facebook
f13e8236-3481-40e3-80ed-f377f18ccc96,LBTU - Latvijas Biozinātņu un tehnoloģiju universitāte,2023-11-15T05:08:21.310Z,b8b2529f-63f8-49a4-9dc5-454386d0f2b4,ZZZ,Latvia,lv,116221428442719,LBTU - Latvijas Biozinātņu un tehnoloģiju universitāte,Facebook
a482cf21-cf0a-4678-a36d-676bfb5dcd2b,Medicīna,2023-05-28T06:54:18.179Z,c87ab014-203d-4cd3-89f0-bad0c5ebc765,ZZZ,Latvia,lv,105895265853310,Medicīna,Facebook
99b53ef0-1b3b-489c-8445-43b3f36f4a9c,nu_keratinriga,2023-10-18T05:08:23.894Z,c27e258c-8d32-4830-bcd7-a46fd5554453,ZZZ,Latvia,lv,127745740418870,nu_keratinriga,Facebook
109f2114-d4bf-4e6b-bdbe-d227067c1339,Kas notiek Nītaurē,2023-11-20T05:08:38.562Z,6dc8bb6c-55ce-4cec-ab87-2c2bbbd3db34,ZZZ,Latvia,lv,1775312899407924,Kas notiek Nītaurē,Facebook
804df59b-9bd6-4835-a309-55288fbd9686,Latvenergo Latvija,2024-03-24T05:19:29.383Z,1ec22569-e1d3-4c2f-a1e4-cf1c3c59e413,ZZZ,Latvia,lv,106874998869753,Latvenergo Latvija,Facebook
65f5b437-30c3-489a-ba5a-9b4568050169,Nandi rezidences,2023-06-09T06:54:25.527Z,8094fb79-1025-4de9-997c-94d93598a1b1,ZZZ,Latvia,lv,100176322797288,Nandi rezidences,Facebook
ca189ea8-314a-41f0-8317-4b2ffbfda047,Latvian Transatlantic Organisation,2023-10-21T05:09:03.288Z,a649a7f8-cb24-4334-a36e-406843b087e0,ZZZ,Latvia,lv,145481184414,Latvian Transatlantic Organisation,Facebook
27ef629d-36b0-4891-91dd-e0e06c8fdfde,medicina,2023-05-27T06:54:21.422Z,39fce745-be5d-4189-ac7b-eab85c92a2a0,ZZZ,Latvia,lv,118864564541821,medicina,Facebook
8b28fdf6-f0af-4c8b-bee3-feda86285200,MadCity Riga,2023-10-26T05:08:27.123Z,d6ff0635-5587-4295-9293-21d539b0398d,ZZZ,Latvia,lv,765834350261394,MadCity Riga,Facebook
ec60821d-d6e7-47e5-9751-a301e5504c58,Latvenergo Latvija,2024-03-24T05:19:29.378Z,f77e153f-27bb-43ca-942b-66d66c484b02,ZZZ,Latvia,lv,106806878838685,Latvenergo Latvija,Facebook
4d4536ef-d0af-48f3-a8c0-8122f26ccf80,kliniskais_psihologs,2023-11-28T06:41:38.167Z,eb97cb29-52c6-41ad-82c3-ee3b9d22c3dc,ZZZ,Latvia,lv,130110853516072,kliniskais_psihologs,Facebook
80dffad8-ec86-4d13-8a10-7028bebf26ed,AJ Produkti,2024-02-23T03:53:50.493Z,51177797-bb7e-4e0f-af5d-8b8721a2e87c,ZZZ,Latvia,lv,449125471820280,AJ Produkti,Facebook
9b4f0c10-e798-4655-b0ad-012daf3e7bac,Mācību Centrs BUTS,2023-08-29T05:08:05.974Z,ede53dbf-b45a-468a-9456-78e1b50bc58b,ZZZ,Latvia,lv,117327444996502,Mācību Centrs BUTS,Facebook
ec8b3e04-9141-4d0d-aa38-ada408c1c92e,afrobalticmusiq,2023-07-13T12:37:21.078Z,077760a6-d733-4fea-ad5a-e040ff7d01a9,ZZZ,Latvia,lv,100983426266937,afrobalticmusiq,Facebook
a433c19e-112e-4096-b089-99d1aabcfe95,Kia Latvija,2023-12-22T05:07:55.859Z,18917cb2-8409-456d-8948-e5e79083be27,ZZZ,Latvia,lv,128893123857270,Kia Latvija,Facebook
224c7ba4-c1ae-4d51-b0e4-f52adfbce067,Accenture Baltics,2023-06-16T09:34:43.728Z,c4bc938f-5733-47e3-8733-3bcf4a0c99a8,ZZZ,Latvia,lv,136955789659609,Accenture Baltics,Facebook
db95b240-ccd8-4075-8d2f-55f54c9f9d6a,,2023-03-31T10:55:11.353Z,83578e5d-0761-4608-a51a-49abb244f3f4,ZZZ,Latvia,lv,100178519709395,,Facebook
b56c0e20-ecd3-4c3e-bf87-1a6aa302210c,Kärcher,2024-03-11T05:21:42.394Z,97393685-fd2d-4040-8356-0e391c18b43c,ZZZ,Latvia,lv,1729096560702427,Kärcher,Facebook
a2f97a54-e1a3-48da-8db3-bf290d888d81,100 kailcirtes Latvijas simtgadei,2023-11-21T06:54:06.354Z,dc5eba47-7636-4ba9-a370-9ba03cb4f864,ZZZ,Latvia,lv,490452871315229,100 kailcirtes Latvijas simtgadei,Facebook
0dde7bb4-9358-4b82-80bb-5a651d1c8a38,Institute for Corporate Sustainability and Responsibility,2023-06-12T06:54:25.959Z,0d78a48d-662a-483a-ba73-bfcb43116e29,ZZZ,Latvia,lv,266880980183824,Institute for Corporate Sustainability and Responsibility,Facebook
62ca6f1c-b4a4-4092-8d5e-6b197de09ba9,Industra Bank,2023-10-21T05:09:03.329Z,f25d8934-aa01-45ed-ae0a-90dd1909f514,ZZZ,Latvia,lv,102537517967850,Industra Bank,Facebook
e732748e-e85b-450d-8951-e03c61613e68,Delicate vsa7,2024-03-16T05:19:41.625Z,1b87f2cb-a454-4a06-b894-c3967b1cf4f7,ZZZ,Latvia,lv,105956452582014,Delicate vsa7,Facebook
ec4bf333-22de-40a9-b8c1-b6b77a346751,jekaba11,2024-03-07T11:39:23.086Z,3a9e1ba8-2e7b-45ab-8321-16aa0566e210,ZZZ,Latvia,lv,100800256323846,jekaba11,Facebook
4f6e5fdd-d1f5-452e-8a4d-a6d298916725,Brilles: Fielmann,2023-06-04T06:54:20.239Z,a423f157-a053-4e4e-8a70-9c8d9994c76a,ZZZ,Latvia,lv,226614084018635,Brilles: Fielmann,Facebook
0503385b-768c-43a3-9a57-06a8452e8414,Enefit Latvija,2024-01-20T05:08:11.042Z,11bfe6fd-fe54-4066-9a2e-d3e2be092f82,ZZZ,Latvia,lv,1784026298591672,Enefit Latvija,Facebook
02bd9d28-4d47-4332-a587-0429d5767cbd,Inter Cars Latvija,2023-06-23T05:18:11.772Z,40cfff61-3ce2-446b-b754-fd113281c523,ZZZ,Latvia,lv,214250358637340,Inter Cars Latvija,Facebook
193826ba-f9ea-4c8a-bbfd-e2ed41c20ecf,DNB Riga Service Centre,2023-11-09T05:59:10.506Z,50e1fc7a-6d7e-4747-9391-f86e9baa527a,ZZZ,Latvia,lv,101389176030684,DNB Riga Service Centre,Facebook
697b0d41-2f08-42d7-b8ed-e8cd71f145f2,Betsafe Sports,2023-11-20T07:20:11.164Z,ae0d3e64-1e8b-4863-b7b5-48a216a25293,ZZZ,Latvia,lv,308860466227465,Betsafe Sports,Facebook
4fc1a112-18a7-468d-8fab-7b816d562964,Electrolux,2023-06-05T06:54:50.070Z,a898f4b9-666b-4d55-80e4-7669f1a68c7b,ZZZ,Latvia,lv,881679398619987,Electrolux,Facebook
df0118ee-736b-4bd7-a518-f0e139fbf418,Cute on Foot,2023-06-30T06:16:14.387Z,32a66c08-6fd3-4d50-9913-fb56b1b76f24,ZZZ,Latvia,lv,105042531997659,Cute on Foot,Facebook
f7f95f2a-4c6d-459b-89d7-b12d5ad7f460,Ilgbūtība,2024-02-24T06:11:59.727Z,d1e5c043-6cbb-44b0-98cd-3985b1fc764c,ZZZ,Latvia,lv,104124715137677,Ilgbūtība,Facebook
e7e18f08-f1ad-4cc5-83e5-849d160a8117,Huldar US,2023-08-14T05:08:26.424Z,f33cec4f-225d-4736-98e1-43194551f329,ZZZ,Latvia,lv,106057742532805,Huldar US,Facebook
38130475-530c-4a35-9c0d-567b94450646,Biznesa konferences,2023-12-15T05:08:19.739Z,681d7b7e-b68c-4a64-b1b7-6776e16bf9f7,ZZZ,Latvia,lv,724594864925515,Biznesa konferences,Facebook
07685d86-4078-495a-b27a-03dfee1a0209,DHL Express Latvia,2023-10-24T05:08:29.296Z,03779bdb-7b10-4bd3-8b08-a25b23873799,ZZZ,Latvia,lv,146533409296957,DHL Express Latvia,Facebook
1b109be3-a4c8-412a-b74c-40b7e35722cb,Hristina diving,2024-01-24T05:08:03.969Z,cb2adca3-d6e7-4781-9625-d264ef49a4db,ZZZ,Latvia,lv,111893515167946,Hristina diving,Facebook
e73bb196-11a4-46df-984f-e1789925ee53,"Darba tiesības 2024, biznesa konference",2023-11-29T05:09:58.227Z,0221931b-1a50-40cd-aaa0-33f0225e6729,ZZZ,Latvia,lv,143477168856997,"Darba tiesības 2024, biznesa konference",Facebook
a62832ec-0368-4def-ac69-3717981dcafe,Biodom Baltia,2024-03-09T18:54:19.525Z,ef137942-8768-42ce-be6b-82cb81c6aa2e,ZZZ,Latvia,lv,2016996375198346,Biodom Baltia,Facebook
da378e72-65cc-4626-9aa3-eaff5e04b0f6,Volkswagen Latvija,2024-02-19T03:15:24.174Z,fbf7fb80-c103-428f-8256-e901d869a0a6,ZZZ,Latvia,lv,1535546836677697,Volkswagen Latvija,Facebook
aab89c86-1f04-4a01-9ace-94311d45d4b3,Construction Latvija,2023-07-03T06:17:20.919Z,891e793b-f6db-4396-860b-c24ebfaf58df,ZZZ,Latvia,lv,105586258739607,Construction Latvija,Facebook
245aa7d7-a313-4445-af1f-8594711bc3df,VEFRESH,2023-06-11T06:54:30.557Z,93b82c87-636c-4272-b53d-f08967341adb,ZZZ,Latvia,lv,311571882707826,VEFRESH,Facebook
26c6a22d-d138-43a6-83bb-4c831145fe07,,2023-07-03T06:17:20.903Z,9cce113b-2233-4544-8f30-2515ad4e2ce5,Par!,Latvia,lv,106212465826826,,Facebook
eae3cd67-b15f-44bf-a063-3b11af4bacd7,VELUX,2024-01-02T05:07:43.210Z,00a59f7b-2579-480c-87b6-f8f96a23635b,ZZZ,Latvia,lv,250552441795312,VELUX,Facebook
0563c505-2007-4ec6-a1c2-424f6335ccc6,Saskaņa sociāldemokrātiskā partija,2024-04-05T10:32:37.298Z,cea8e358-f838-4382-9991-9f47aafaa519,Sas,Latvia,lv,AR00360185578169303041,Saskaņa sociāldemokrātiskā partija,Google
37c0b717-ec95-4a1e-8377-e1e9466492a1,Artis Pabriks,2023-09-09T05:08:23.150Z,f24287f8-de4d-4056-9c20-9d979590471a,Par!,Latvia,lv,498669876982321,Artis Pabriks,Facebook
cece2e6d-79a9-4077-aaed-f969ace8db0e,JKP Jaunā konservatīvā partija,2024-04-05T10:33:22.876Z,16c68631-50c1-47a8-a365-49d8b882463a,JV,Latvia,lv,AR13080880936478834689,JKP Jaunā konservatīvā partija,Google
